,Scabiosa lucida,Sesleria albicans,Prunella grandiflora,Carex sempervirens,Avenula pubescens,Carex montana,Gentiana asclepiadea,Campanula rotundifolia,Calamagrostis epigejos,Festuca rubra,Rhinanthus glacialis,Polygaloides chamaebuxus,Serratula tinctoria,Festuca filiformis,Agrostis canina,Bromus erectus,Daucus carota,Carex panicea,Trifolium pratense,Vincetoxicum hirundinaria,Ranunculus acris,Filipendula vulgaris,Amelanchier ovalis,Convolvulus arvensis,Epipactis palustris,Leontodon incanus,Koeleria pyramidata,Trisetum flavescens,Briza media,Trollius europaeus,Carex leporina,Agrimonia eupatoria,Dactylis glomerata,Polygala vulgaris,Buphthalmum salicifolium,Arrhenatherum elatius,Frangula alnus,Thesium rostratum,Heracleum sphondylium,Pinus sylvestris,Festuca ovina,Peucedanum cervaria,Sanguisorba officinalis,Hypochaeris radicata,Carex arenaria,Cerastium semidecandrum,Luzula campestris,Polygonatum odoratum,Carlina acaulis,Gladiolus palustris,Poa pratensis,Holcus lanatus,Angelica sylvestris,Agrostis capillaris,Lotus corniculatus,Equisetum palustre,Carex flacca,Vicia cracca,Hypericum perforatum,Trifolium montanum,Thymus praecox,Pimpinella saxifraga,Rubus caesius,Dactylorhiza incarnata,Aira praecox,Cirsium tuberosum,Gymnadenia conopsea,Platanthera bifolia,Carex nigra,Siler montanum,Pilosella officinarum,Crataegus monogyna,Potentilla erecta,Teucrium montanum,Phragmites australis,Molinia caerulea,Erica arborea,Galium verum,Globularia nudicaulis,Tofieldia calyculata,Plantago lanceolata,Hippocrepis comosa,Danthonia decumbens,Leucanthemum vulgare,Ranunculus polyanthemos,Galium mollugo,Juncus effusus,Betonica officinalis,Schoenus ferrugineus,Centaurea jacea,Carex humilis,Quercus robur,Galium anisophyllon,Senecio sylvaticus,Allium carinatum,Helictochloa pratensis,Viola hirta,Calluna vulgaris,Plantago major,Brachypodium rupestre
Scabiosa lucida,0.0,0.9924459259318285,0.9940780882314363,0.9991276876003393,0.4046295447408476,0.9951466034430612,0.9742453309965898,0.9823545829281644,0.07831462789214919,0.14159350295461068,0.9827572155995454,0.9898331175078917,0.8519707039422806,0.25306379680902075,0.3022974154411205,0.9841288788583208,0.009001601836480475,0.6781378148061469,0.053795729312310435,0.9037066505056323,0.05454035163959247,0.9968229262669216,0.9727731531875395,0.07856173874219233,0.5498796832488443,0.8575996828212179,0.9919584367910996,0.014596997638207399,0.731472639464455,0.9288602160719059,0.03744301518628716,0.04280778769892823,0.0712379389234891,0.7709600761450066,0.9938846632888286,0.0341036836037376,0.7997009989575399,0.9674887139676953,0.04124077768359074,0.7466349393828873,0.14107719352297385,0.9846115716033499,0.61620408229248,0.04179079998534793,0.0812274444966798,0.14209209122346356,0.08056712509178945,0.9459984091708249,0.9432799081916565,0.9922781925195232,0.03152910873016638,0.05720705033166687,0.2782265178676286,0.18013429065113895,0.6113701270655274,0.15378534257407056,0.6631516832583647,0.07940180890075052,0.007671099570424587,0.962237142318336,0.9849095650145583,0.33375220590063764,0.1552780093102969,0.39249663986596844,0.1258308212755783,0.981948230342057,0.9410519465237573,0.7700043685806965,0.2830380000547497,0.9634289862455457,0.2209934611497214,0.14352109827688356,0.6938163091503258,0.9944083415322942,0.31904005900445487,0.798832275870556,0.9843263437732201,0.6096323905651111,0.9673864011897235,0.9809240648179064,0.10616561314674815,0.9904278746523448,0.77916970789678,0.24992543117853763,0.7644454660143912,0.17112501961877566,0.04400786616241794,0.892545702270111,0.9593613857535283,0.6077816922987498,0.9607068913608191,0.38346162710822557,0.9868026837891758,0.13700409492729132,0.9686669049260175,0.9651135391506349,0.8549780210620974,0.8293913337756399,0.027377841783849645,0.9832355739389681
Sesleria albicans,0.9924459259318285,0.0,0.9816742480424461,0.9966826915498661,0.40057574317709194,0.9758866719855728,0.981564723150947,0.9706814422657888,0.0864516220352902,0.14635309166554267,0.9656772252208905,0.9996528764495628,0.847211177779353,0.2553745757640567,0.30115099216869035,0.9665670546555893,0.012484209360986452,0.6661890280539963,0.05989986821098246,0.9046199798973226,0.06119139815134533,0.984036248564374,0.9831911867321906,0.08337092385669471,0.543941589563044,0.9087122374766593,0.9726308489855634,0.019472262961549466,0.7290311643360731,0.9104345333740566,0.04475171780137787,0.050280564419455276,0.0765308310746826,0.7712327426549691,0.9997916980724644,0.03987094033626836,0.7958324217451426,0.9669753362830943,0.046657046559952994,0.7449883443594205,0.14500287074510226,0.9928929773569013,0.6098652151636121,0.048282601280259796,0.0896844476359858,0.14918816120382616,0.08867292057670645,0.9356544588044906,0.9136139416132897,0.982168964776075,0.037721155039612375,0.06401286693177072,0.2778351054233696,0.18337048739308945,0.6125146901009964,0.1582272419563484,0.6612265212421019,0.08625000820915857,0.011081715448873207,0.932573861357392,0.980587406493268,0.33162909779690286,0.15996019762377417,0.38815126033302466,0.1330008202651819,0.9792324594695343,0.9088253281752509,0.7595478736365425,0.2826751989489446,0.9715758043161838,0.22197437784798135,0.14777133291302125,0.6841980408102013,0.9844757634588476,0.31736526998085535,0.793275468714391,0.9984656230348701,0.6093203454424846,0.9889558060958699,0.9713505723673564,0.11134602281425607,0.9668180344800945,0.7606579908042396,0.25031042503400935,0.7641581106211204,0.17476481224874593,0.05105101169898306,0.8818334253410653,0.9703145720047222,0.6077755207269041,0.9826624211482718,0.3793135875936272,0.9616420862230924,0.14451640291604456,0.9406933153229813,0.9394127504593918,0.8707525762487083,0.8424980293383596,0.03229110587351955,0.9866308676041575
Prunella grandiflora,0.9940780882314363,0.9816742480424461,0.0,0.991696957098974,0.46280239259857353,0.9934992146297363,0.9823890840762932,0.9964031251289891,0.11162331273746094,0.1823008226488438,0.9969871011944824,0.9764528329811023,0.8931371397446367,0.31711335191780904,0.35842357183664625,0.9974716504488317,0.01623043825461966,0.7387093395126852,0.07702892281556908,0.9345263482520627,0.07896450855111771,0.9994024897018663,0.9433442731285585,0.10491239396942974,0.6077478238325933,0.8125819804667301,0.9980377104224272,0.02543126189829928,0.7800361175735468,0.9626721922257339,0.05846958012095469,0.06557507021082655,0.09700721357924133,0.8153191312825315,0.9821068306213666,0.0517475543323563,0.8452852106444673,0.93573362878047,0.060118461944729785,0.7938091996601935,0.17898094356872377,0.9617940513604868,0.6729175356989614,0.06265576085161237,0.11592295555280478,0.189528241321932,0.11439735317215209,0.9116880790263496,0.9218638904863602,0.9995843015897988,0.04916054010080939,0.08258948926047338,0.3293171519331984,0.22506742431465504,0.6584848622208237,0.19647986496266942,0.713391915442295,0.11039576053858195,0.014375014062672215,0.9838705445634013,0.9951672245937468,0.38950753218386636,0.19913427465314013,0.4536310754386141,0.16918479916318335,0.9930334440913288,0.9705875290537188,0.8227775237233701,0.3395326825003863,0.929697996203354,0.2637442528476685,0.18308013136726722,0.7510331150709558,0.9789919953151766,0.374158932764258,0.8456882033479035,0.9722712503272712,0.6585618494962433,0.9428211272633054,0.9952193031891943,0.13969214483905368,0.9881674669245893,0.8366525542689026,0.2974795529566791,0.8096007087421018,0.2153395112642001,0.0663853744162377,0.931159284907678,0.9706478911956155,0.6563252326856884,0.9311595363147595,0.44500117541310996,0.9813156750671951,0.18415910850788003,0.9877951038146104,0.9870107483849465,0.8820611667384307,0.8605594646775534,0.04187523460483048,0.9897232319294207
Carex sempervirens,0.9991276876003393,0.9966826915498661,0.991696957098974,0.0,0.4052056134414034,0.9902269703255877,0.9786264843666703,0.9803530165901394,0.08201477526100552,0.14439342216029485,0.9788694182223022,0.9948048119876873,0.8526678415340754,0.2558015294590766,0.30366884441290715,0.9800573668694702,0.01030183400879258,0.676489542750427,0.056485864827867695,0.9062077328769439,0.05745055155694272,0.9942557527113556,0.977800826119775,0.08092232708747274,0.550038902941671,0.8760745162097152,0.9871442039085224,0.016464368331034908,0.7329180064779003,0.9247963000995796,0.040457630560215216,0.04593594444509022,0.07374000150388624,0.7732987260883395,0.9975531556081139,0.03650037383590496,0.800709108456276,0.9687312237563694,0.043563841999260104,0.7483447750710016,0.14351245715593888,0.9889691730206618,0.6163091688928702,0.04453166205189267,0.08508256532385011,0.14590377279860642,0.08427379191207147,0.9437376755588301,0.9342080832481697,0.99071698732415,0.03406287386924534,0.06019991443883072,0.27969776873892155,0.18256583668608894,0.6137981469629155,0.15654326451131034,0.6646969227709382,0.08259007431282742,0.008925450720030679,0.9539846463845276,0.9853858350911718,0.3348244945138587,0.15815325329602192,0.3930219813517555,0.1295315033302713,0.9829845384269134,0.9319989363932432,0.7688567878787346,0.2846627813701135,0.9676491747495843,0.2226473030611587,0.14611554721592615,0.6929297769117905,0.9925659892959139,0.32022900467815735,0.7992898452943415,0.9907566608274943,0.6116070420260219,0.9761868543926431,0.9796534780404066,0.10887627879162415,0.9839415623565492,0.7753250447714604,0.2515349746757474,0.7666012229189052,0.1736662111374689,0.04698083948337862,0.8912104754661856,0.9649830800863055,0.6098479855914635,0.9696124126645186,0.38405073366468506,0.9796990972207242,0.1409497213860773,0.9609825543206236,0.9582919155769549,0.8622704467895433,0.8358364525282238,0.029393134916500637,0.9862809444379903
Avenula pubescens,0.4046295447408476,0.40057574317709194,0.46280239259857353,0.4052056134414034,0.0,0.40312730516461875,0.5309709611116841,0.5161614835169275,0.8782109252846259,0.9237981207181897,0.4993908745679978,0.38762729564511833,0.781220314266367,0.9585462699472277,0.9921031635015618,0.4923973032364152,0.6140772741470581,0.9050355647086172,0.8037997224681859,0.7110152275768555,0.8191013205705946,0.44205077646283725,0.2995404522076948,0.8113296897250629,0.9825848203727923,0.21328882119271905,0.44490428716398744,0.6859421367789743,0.9057022627547089,0.6232178995951595,0.7965729348151509,0.8104681727391212,0.8134947838373968,0.8775972499522015,0.392347872444164,0.7539153473505875,0.8432447425532802,0.2788712422621654,0.7549983843022099,0.8954651145984571,0.9046468147474102,0.3326570332140793,0.9606593817853873,0.7903982592789797,0.8830232767319985,0.9354253913105612,0.8811404818490681,0.25413737928306585,0.2809579108262044,0.477500964577529,0.7617712720157868,0.8274021784326471,0.9796992306308681,0.9465112827002529,0.9651294971567227,0.9342525099152225,0.9478670852243959,0.8669735020551333,0.6115219686548161,0.495698947269763,0.5134366058060121,0.9952178331565211,0.9390738224969848,0.9979698318145012,0.9259800525415977,0.524114836887393,0.5264879515126248,0.8498548537366358,0.9891918639447824,0.27623558556775957,0.9325901730682581,0.9167342111274589,0.9087950155302756,0.3494128079863578,0.9930415019720951,0.8399575245785923,0.40062940279851245,0.9680490374520847,0.33136719880628374,0.524776947033823,0.8778233697145056,0.3894512325576023,0.7986737821510543,0.9631004550369092,0.8826525751390453,0.9425743255537785,0.8064872975676136,0.7091528775920946,0.567886391654765,0.9681101770681374,0.30420409617639954,0.9971941713630986,0.3695064915639402,0.9310766527658628,0.4888218735242175,0.5132618613092023,0.7682136081987028,0.8092650699473768,0.7066954878532405,0.5078880141557118
Carex montana,0.9951466034430612,0.9758866719855728,0.9934992146297363,0.9902269703255877,0.40312730516461875,0.0,0.9588602565211795,0.9814422544562946,0.07066950181195332,0.135892049386417,0.9862084473751322,0.9714679914246406,0.847017671596062,0.24738584103535272,0.2994744946277191,0.9879524503442784,0.006587599663949726,0.6802237882449877,0.04836583237020785,0.8940356325728314,0.0486434127121146,0.9964491443620761,0.9527119474906081,0.0738131437961041,0.548484722824918,0.8076383487800481,0.9970642998479211,0.011033932336764576,0.7258495376886477,0.933996706257108,0.031378044951982875,0.03647961487841929,0.06619366916068611,0.7629958029843719,0.9784717855382153,0.029327487381269016,0.7945365203448386,0.9555876133153535,0.03659606841985457,0.7402919521163046,0.13615314257457944,0.9666986108582561,0.6145119135143576,0.03627805381701134,0.07323240194236491,0.13412622203323316,0.07290472358949557,0.9419585186646401,0.9570404804244084,0.9899151084641601,0.026485732572589876,0.05113005628180888,0.27516524298757283,0.17520226548542123,0.604243684548993,0.14816903433464895,0.6577621437891744,0.07288226067554159,0.00537766659571469,0.9765961834437065,0.9781627886747253,0.3314373635597905,0.1494063365025582,0.39127010860765743,0.11813858646646676,0.9740184890230129,0.9578872815102993,0.7701207020643895,0.2797380503557351,0.9446431526643001,0.21757961472760376,0.13825959639051008,0.6939424611604136,0.9910616712582645,0.3165197648654353,0.794944230206912,0.9629768952084733,0.6035636178912958,0.9398426670883482,0.978366973546069,0.10066838638897042,0.998999462766301,0.785659081611212,0.24659843635456935,0.7569480121455197,0.16596505771650596,0.03800205493294795,0.8918168927729996,0.9416060033647274,0.6015105094580901,0.9323687399149545,0.3821504540638695,0.9966688806072576,0.12873484740898383,0.9814794716584752,0.9760051884904941,0.8352579040959244,0.8117904698587016,0.02340093400251497,0.9705905894628318
Gentiana asclepiadea,0.9742453309965898,0.981564723150947,0.9823890840762932,0.9786264843666703,0.5309709611116841,0.9588602565211795,0.0,0.987425334433516,0.18735947818882415,0.25571355752641045,0.9790773451176701,0.9777002200761783,0.928075934866288,0.40398800687721653,0.43228646837105666,0.9779580410929457,0.04869006572226978,0.7852457133704408,0.13580356211292635,0.9670463475565322,0.14106656429386805,0.9783075829713478,0.9331626759895865,0.16233835905762706,0.6684218587384253,0.8523835981573885,0.9694048417596696,0.06826318415203467,0.8321578868987665,0.9616813083872737,0.12023189712904123,0.12943327863244022,0.15548341485269498,0.8666931092488621,0.9785418495189876,0.10368655939820397,0.8887418188318609,0.9082080852252638,0.11158192945204638,0.8454308816720654,0.2470631245310743,0.9531551953876072,0.7296588023289042,0.12073650260059146,0.19387679561823778,0.27503840427241805,0.19051804525066035,0.869123200996236,0.8596225682646261,0.9869554324774947,0.10314908882353517,0.1462217530183646,0.40016023272335705,0.29884415242079804,0.7200931406651995,0.2710896565930132,0.7707903180935108,0.1798230026813024,0.04650215207619797,0.9513808384256749,0.9949806549296929,0.4605561825129483,0.27552799688128327,0.5240040396675121,0.25142193028378745,0.9964022267494813,0.9405359833995377,0.8616137103738947,0.41558270377113693,0.9133651625390585,0.3290669160432918,0.2538897357511749,0.7988089087331842,0.9483995780825747,0.44574731903595327,0.8871940602267961,0.981544477981694,0.7194167667232404,0.9531751000064765,0.9900490426081021,0.20657175921333587,0.9464155987125945,0.8628379891222825,0.36660797286879926,0.8610080912240431,0.28941768851904975,0.1281414189073756,0.9505056873997724,0.9981053305331357,0.7174043897505261,0.9382024852685216,0.5162467013165353,0.9349562160768708,0.2704060609238337,0.9560033222688914,0.9614647347602671,0.9395741746467194,0.9189640782297699,0.08685191480691012,0.9988866422440922
Campanula rotundifolia,0.9823545829281644,0.9706814422657888,0.9964031251289891,0.9803530165901394,0.5161614835169275,0.9814422544562946,0.987425334433516,0.0,0.1518301147607844,0.22640223062392859,0.9987824212272284,0.9640335637826408,0.9250693476091646,0.37979063610704566,0.41223312326700534,0.998334726568914,0.028201573403058275,0.7873649127831432,0.10619123078408277,0.9585028054117016,0.10978039492703305,0.9928997021060678,0.918842393010678,0.13568079604163424,0.6584610743260755,0.7876609178300532,0.9922002264579117,0.04240104590367777,0.821439298259434,0.9813334859707469,0.08706370890620564,0.09584546930852285,0.12768913189886463,0.8533909576814313,0.9698092590667398,0.07553487751002666,0.8823819987843003,0.9066728086315168,0.08457761722202535,0.8340485287095325,0.21984540863955193,0.9415883558131072,0.7216101642338918,0.09013279369539212,0.15764156492233444,0.24135225092032903,0.1550374929879349,0.8783736924600261,0.8920271748433031,0.9979391352702038,0.07347891644269153,0.11442744868855506,0.3790951827191208,0.2718923764515007,0.7015470543999358,0.242154493772584,0.7574800158312298,0.1473477072890972,0.02588633114000864,0.9872175522634431,0.9980644232327984,0.4422392359449016,0.2460411586760421,0.5095718276106636,0.21749729309333574,0.9972179312426711,0.9796104577007289,0.8639499563172757,0.3942183079620297,0.9015484385694538,0.30680255008258456,0.22573372237971415,0.7976393978529903,0.9591440901801819,0.42665725570432117,0.8832497146974988,0.9622023100334787,0.7027644782899719,0.9249747493658955,0.9997889628340574,0.17750594568310432,0.9742090716340084,0.8779727320936733,0.34457809723354577,0.8482768264068562,0.2618049582445889,0.09582240850255407,0.9577534308250769,0.979781406810381,0.7003124886439567,0.909669054458278,0.5014640712841886,0.9643613164095723,0.23603685458605075,0.9896861968276897,0.9921320015888562,0.9085104389377353,0.89026638610368,0.06183331719950595,0.9919649668135266
Calamagrostis epigejos,0.07831462789214919,0.0864516220352902,0.11162331273746094,0.08201477526100552,0.8782109252846259,0.07066950181195332,0.18735947818882415,0.1518301147607844,0.0,0.982707265842009,0.13362386152618427,0.08008151368152135,0.44306867964373053,0.8660034492607601,0.9270308278922751,0.12806403347244627,0.7867346984815067,0.61243991220785,0.944832749669952,0.3662142803560065,0.966377699941027,0.09757639442770336,0.03552983671387923,0.9128856570959669,0.78606052794917,0.01874927328204657,0.09471882477549216,0.8849330488875186,0.633636813185498,0.23820696658275053,0.9766764420346123,0.9822349215278798,0.9270459015923003,0.5937554001213545,0.08009297362579314,0.9160428673508738,0.5314371609808721,0.024977614226898464,0.8977101197485439,0.6182328244130723,0.9629116336015908,0.0491067196509116,0.7300176385318783,0.9532139253636748,0.9987959567099558,0.9724219432603295,0.9999710834494342,0.016559654692729516,0.020377275374269335,0.1239615302733674,0.9383809746830368,0.9729795839246647,0.9403022877585447,0.9736519499399684,0.7702193195411248,0.9821780937923099,0.7142304830142835,0.9879705820208893,0.796318862001675,0.12007498615414475,0.15759844136396522,0.9161408847670777,0.9842288317301513,0.8703006753874993,0.9883829839760919,0.16837477096271825,0.13959166832630013,0.5271882401705731,0.9317601788770363,0.026299346503546126,0.9328760514688198,0.9741146570084689,0.6231959508337056,0.04874220545625074,0.9230872858099016,0.5229236284749255,0.0919545201034953,0.7691930634691364,0.055819134242543755,0.1610544106548781,0.9665960725420203,0.061534789020125484,0.4387449096492583,0.9444166063654325,0.6005087734696035,0.9766124282008846,0.9727385871485066,0.3422437957689892,0.22798732244790365,0.7713153807663408,0.04249123591081764,0.8720507370353623,0.05162762128143718,0.9702136835022608,0.11677126243358006,0.1359280137462806,0.47437794669296174,0.5245718069003851,0.8586945998331534,0.16200905128323762
Festuca rubra,0.14159350295461068,0.14635309166554267,0.1823008226488438,0.14439342216029485,0.9237981207181897,0.135892049386417,0.25571355752641045,0.22640223062392859,0.982707265842009,0.0,0.20885103771601182,0.13816672550961923,0.5145470887379452,0.8812605502535682,0.9605915872460754,0.20287708698864387,0.8224197428817391,0.6773649467896276,0.9619301284188503,0.43746870792742065,0.9718777448395182,0.16626983265655423,0.08128942618392708,0.9523560085145316,0.8421332074346034,0.0481860875896997,0.16530404087565395,0.8873503966356898,0.6987173771768621,0.3197491169130303,0.957076300882745,0.9642703321452525,0.9592554178589554,0.6599542975464929,0.1394304237815049,0.9333028654777735,0.5997411500450153,0.06756891642759923,0.9281738092338168,0.683803671853082,0.9937193950539953,0.10031864519957939,0.7896267413431535,0.9573594139960896,0.9777640950307279,0.9642184637186839,0.9832989881381561,0.05458363391148308,0.06486572293080237,0.19527846380925237,0.9407759240436131,0.9757863830790052,0.9796505334796488,0.9977566120272603,0.8361355181111676,0.9994212107786107,0.7776395349821892,0.9902944530477529,0.8223481485404788,0.1992020447469642,0.2294622644251417,0.9561787556880524,0.9975875138642727,0.9110795192668153,0.9804710792936194,0.2401913801571971,0.22272185693206972,0.5970493386057398,0.960386779661081,0.06804667888870118,0.9815461609619254,0.9984764215963572,0.6877239138263256,0.10449982207153075,0.9617964552175773,0.5918656854885597,0.15047520420085916,0.8335130998185224,0.10533585905844431,0.23537607114316622,0.990359751388889,0.12548452587823195,0.5163296792868329,0.9863195674896709,0.6665603208569678,0.9985289476215159,0.965302878215026,0.4191379474876612,0.29565037855943893,0.835987674268278,0.08814547218354221,0.9112883961932675,0.11258629511370233,0.9593174862561491,0.19460939112952333,0.21528097255306,0.5394333112620873,0.5903024548954067,0.894042879029483,0.23092512981976193
Rhinanthus glacialis,0.9827572155995454,0.9656772252208905,0.9969871011944824,0.9788694182223022,0.4993908745679978,0.9862084473751322,0.9790773451176701,0.9987824212272284,0.13362386152618427,0.20885103771601182,0.0,0.9585313935990974,0.9141891357037222,0.35842850816722344,0.3943248141856041,0.9999338598216966,0.02127916533529608,0.7749919781378709,0.0924760569138088,0.9476387009686582,0.09520994972260707,0.9942082451206948,0.9150687402972011,0.12226771668387922,0.6429664009524275,0.7707313047347272,0.9958305977682351,0.03290836644901978,0.8070171091099622,0.9792636899942374,0.07260406010657917,0.08082519938914627,0.1140231517699238,0.8388621028720341,0.9656098986804068,0.06360382405598186,0.869729738804153,0.9072159488513274,0.0727313140127907,0.8196438037700866,0.20367624929332315,0.9379273283545065,0.7067791656580877,0.07662077698343167,0.13882226598038708,0.22048161533781635,0.13672869493171347,0.882831106770539,0.9033815771786177,0.9972722385378092,0.06104770655316442,0.09945697770491163,0.3619952759109162,0.2542165549939606,0.685313559627591,0.22428180100768205,0.7421057183593031,0.13085125814473406,0.019094342838733333,0.9931147792691086,0.9943040520863375,0.4249577226177334,0.2276944558300748,0.49232168250182123,0.19754440586617553,0.9925888964483635,0.9854402239237937,0.8528662424614424,0.3757904883347686,0.8989862388660114,0.291190475658376,0.2088609221511815,0.7847547300235939,0.9617901757542942,0.4092785015208093,0.8711366804139739,0.9548146666475269,0.6867566666503215,0.9165333136718363,0.99757338698892,0.16167131797138506,0.9809612410109162,0.8704057791487197,0.3279660044459268,0.8337902417996961,0.24405927959860235,0.08135501709066913,0.9506252378591601,0.9692096168157397,0.684250748021542,0.9016485607563512,0.484024844151693,0.972206713255288,0.2149480723808586,0.9951821018835307,0.9960403917053966,0.8917478758679106,0.8734958539917431,0.051653844746908796,0.9856180111988105
Polygaloides chamaebuxus,0.9898331175078917,0.9996528764495628,0.9764528329811023,0.9948048119876873,0.38762729564511833,0.9714679914246406,0.9777002200761783,0.9640335637826408,0.08008151368152135,0.13816672550961923,0.9585313935990974,0.0,0.8363211387685116,0.24224396842297327,0.28910580686357357,0.9595422870755704,0.011119275533518328,0.6514438229072962,0.05543939481268495,0.8960602834144767,0.05652397531567743,0.9793962113289322,0.9865799539995544,0.07816702725247654,0.530510895411834,0.9190073651113436,0.9667860739236028,0.017442331088276797,0.7172062011236678,0.8996307712414058,0.04080928418256097,0.04599863661995554,0.07148756045861128,0.76034305519707,0.9994792346316723,0.036528562931228865,0.7842955353036626,0.969797462159479,0.04304437017415469,0.7334583047991531,0.13730799561432985,0.9948510888510492,0.5964513721242073,0.04432867210400895,0.08305773224794402,0.1398627182363201,0.08219456563190211,0.9380920919981682,0.9120102165502476,0.976893197575139,0.03440211237108084,0.059160335138984464,0.2668824411400877,0.17415131735843506,0.6015699543203933,0.14959979887924343,0.6492922554543977,0.08025240106377315,0.009813226867144283,0.9230397967762075,0.9752799139638958,0.3194908286297479,0.15112018266124605,0.37465112104035714,0.12450741734084958,0.9739163245825271,0.8976651547634202,0.7461753644834085,0.270674462725287,0.9755583255612741,0.21290440305296304,0.13976864163858577,0.6702326541732826,0.9834111857025937,0.30542488971233683,0.7813588273389728,0.9989713130067902,0.5979086132470518,0.9924938434284176,0.9648403856914414,0.10468362612443495,0.9621451140331305,0.7457396064349711,0.24018002971309727,0.753084796308601,0.16573861325525133,0.04682316871147671,0.8708422594635709,0.9662114216884967,0.5964684178005363,0.9871649655030797,0.36577764947991,0.9574347362174809,0.13528732030542595,0.9317492664670877,0.9301518996833777,0.8643049623098726,0.8350949765287429,0.02954142398392846,0.9827111501407756
Serratula tinctoria,0.8519707039422806,0.847211177779353,0.8931371397446367,0.8526678415340754,0.781220314266367,0.847017671596062,0.928075934866288,0.9250693476091646,0.44306867964373053,0.5145470887379452,0.9141891357037222,0.8363211387685116,0.0,0.6942981197217274,0.7000130628997243,0.9099236599722856,0.19103410254848896,0.9590946156042323,0.3506516877872385,0.9920907869539728,0.3642355387062647,0.8789614861100177,0.7547171499309281,0.37537488707932537,0.8826593773953565,0.6378651255260935,0.8785471290962007,0.2402078482212729,0.9718433348683222,0.9683106849719422,0.34041224336089415,0.3550536067560224,0.3708702709061188,0.9831485554231255,0.8413209994077469,0.29954792760010424,0.9942192146492473,0.7292520728039045,0.30619061039246637,0.9767980413378368,0.4930729719204109,0.788726270006175,0.9225214111752985,0.33287736993862604,0.4540642700630773,0.5568201054733777,0.4473308537615567,0.6915323258662797,0.7108258792415921,0.9028910402714788,0.3043336601663391,0.3733173844987835,0.6590517222206261,0.5615858970129615,0.8942421690312062,0.5336982308430804,0.937501050388084,0.4228902647917373,0.1887026498213876,0.9029101316359615,0.9236936187273023,0.7205502947472106,0.5421509994640046,0.7828092615151522,0.5259708533146148,0.9290660022311066,0.9155053858543303,0.9886143707543067,0.6883549783425142,0.7280229059662487,0.5708121789996209,0.5068256182951542,0.9641512567407557,0.8031645970572827,0.7072792355249976,0.9946354158439304,0.8441776641714724,0.898694150799459,0.7831048818032638,0.9298968706548082,0.44662771241388693,0.832942630292795,0.9832384981159988,0.6201076831473846,0.9816088756300613,0.5522190898470256,0.3492785108234178,0.9928541747405777,0.9417575541756448,0.89620319840166,0.7570370237379451,0.7777800443646714,0.8140061358049921,0.5526057914424723,0.9007286209462443,0.9164570870500602,0.9768787758349106,0.9792757961703495,0.26316028282681964,0.9184076336671747
Festuca filiformis,0.25306379680902075,0.2553745757640567,0.31711335191780904,0.2558015294590766,0.9585462699472277,0.24738584103535272,0.40398800687721653,0.37979063610704566,0.8660034492607601,0.8812605502535682,0.35842850816722344,0.24224396842297327,0.6942981197217274,0.0,0.9633827019558613,0.35004294210361486,0.4670118686027593,0.8558775799840095,0.7187614725201298,0.6109386196331279,0.7496035982998581,0.2931644581546662,0.1500363610032646,0.7121111859848183,0.9292174969111298,0.08840270059574762,0.2943197592241059,0.5768877049071437,0.8305416278221581,0.5083532550361737,0.7462646607231778,0.7640245431418556,0.71976965184152,0.7958965728929299,0.24544837081403906,0.6535130832378289,0.7642838668876706,0.1266369435610441,0.6464193656897489,0.8180728220958616,0.8382937683508608,0.18260862445673462,0.9031316658744704,0.7121773268016818,0.882013364848109,0.957047665720657,0.8696882791349736,0.10290513805647,0.12342713686372127,0.3349485234097654,0.6755435779954131,0.7636637616522312,0.929806211781748,0.9044783854331062,0.8775997380961983,0.8966680770801225,0.8729224529207568,0.819437502835119,0.4689603109372788,0.35157854595516946,0.3789952609720422,0.9554086021971888,0.9102125940935294,0.9723711959868189,0.9316061659679732,0.3920836673659597,0.3889017665592037,0.7819916161853758,0.9697273728906214,0.12686936609652752,0.8541682635795188,0.862029846848459,0.852177695647282,0.19287085580707622,0.953620851104971,0.7627577133771779,0.25900740619511403,0.8859767653529194,0.18804673410097172,0.3906078226436274,0.8103125537671666,0.23126638776919117,0.7318789874029668,0.9022032427788771,0.8021220481397076,0.9019694598510781,0.7457877411547729,0.6120778232967462,0.4479788966981709,0.8847342977707008,0.16005750522221707,0.9753192785776557,0.20960165461177532,0.9577539353063304,0.34357885003361466,0.3731872503943609,0.6681307026304899,0.7114266191877853,0.5826431960315356,0.3755743675434908
Agrostis canina,0.3022974154411205,0.30115099216869035,0.35842357183664625,0.30366884441290715,0.9921031635015618,0.2994744946277191,0.43228646837105666,0.41223312326700534,0.9270308278922751,0.9605915872460754,0.3943248141856041,0.28910580686357357,0.7000130628997243,0.9633827019558613,0.0,0.3872118183335061,0.6677194914120151,0.8467978266741905,0.8558545435781233,0.6229995292197161,0.8723123325596474,0.3378925321543863,0.2067445110779792,0.8560701731435857,0.9521019692936034,0.13736953972311722,0.3398561446264763,0.7449215216981864,0.8481538555381558,0.522745775082397,0.8544962123406891,0.8672834232019092,0.8606238784894049,0.814591834011644,0.2928270840615871,0.8088973483187658,0.7721748458455482,0.1873199505313879,0.8067872036877378,0.8357229101849214,0.9410706584729422,0.23672981137692634,0.9193207889541647,0.845888738149431,0.9307163237112354,0.9681989232535726,0.9294487045555327,0.16582046104115164,0.18865145049166882,0.3734590097715266,0.8190345211844452,0.880369508857631,0.9933472030063444,0.97636434985719,0.9309815582641322,0.9687460644301148,0.9028740013245883,0.9158250521768846,0.6666899150843102,0.3893407867226644,0.41099455109432254,0.9989687356706244,0.973054137803076,0.9895665860110342,0.9637558334006874,0.4223216801198561,0.4204508566654551,0.77876151795845,0.9994086946353214,0.18574069527289902,0.9553545151463643,0.9530966037028401,0.8510403685855584,0.2499115584181375,0.9992071567947046,0.7678578261879099,0.30280327819879865,0.9333364597634923,0.2380912558910333,0.4214472707341051,0.9205569020328337,0.2861831525744549,0.7183691146899401,0.9816404245298666,0.8205178987742128,0.9739934115044158,0.862571668460365,0.6175907279379578,0.4722036163485203,0.9338968273584087,0.2128746277533096,0.9897329656502196,0.26745208920129,0.9643375137276236,0.38254220247867493,0.4073383723221136,0.6945245281666418,0.7402580565677995,0.7592939494268571,0.4073049266817449
Bromus erectus,0.9841288788583208,0.9665670546555893,0.9974716504488317,0.9800573668694702,0.4923973032364152,0.9879524503442784,0.9779580410929457,0.998334726568914,0.12806403347244627,0.20287708698864387,0.9999338598216966,0.9595422870755704,0.9099236599722856,0.35004294210361486,0.3872118183335061,0.0,0.019633515097600845,0.7687761138995989,0.08845632672195575,0.9442531133054622,0.09095299346557958,0.9950698516379849,0.9175322109434255,0.1180710944101159,0.636339172631084,0.7722727405376707,0.9967958017723915,0.030557863721828987,0.8014796961619189,0.9770824253585072,0.0686235003860074,0.07661520467833097,0.10982438361795409,0.8336842522189564,0.9667023893158089,0.06031185675922294,0.8647780153022064,0.9105074084271729,0.06935902035837765,0.8142354262039624,0.19815800042692552,0.9399295766536655,0.7004132369054157,0.07281461973630372,0.13304914332314857,0.2134009462585343,0.13111200016873606,0.8868974587088948,0.9076332123080412,0.9974467232786862,0.05767302411680658,0.09505877344148439,0.35539782010754567,0.2479218957616525,0.6794948742425237,0.21810687843409834,0.73621767195971,0.1257689463273748,0.017514748785297907,0.9932348261987829,0.9937478289984689,0.4180081247048092,0.2213478665317388,0.4850004055375587,0.19093214647393647,0.9918273522983706,0.9849236741864894,0.8475651125442982,0.3685427651016815,0.9019382345509229,0.28545339522040014,0.20309490078587228,0.7787361105989441,0.9642326311956352,0.4023500963889745,0.8661684530576107,0.9554309928474857,0.6808244039349737,0.9179274186041796,0.9969443938547712,0.1565246357158478,0.983072817448635,0.8653204602901329,0.3217061477847965,0.8285486171177098,0.23780147411524408,0.07727008003042055,0.9472052256888198,0.9674839809284621,0.6783395773278242,0.9034698520873689,0.4766314402750863,0.974738546534706,0.20784620659946898,0.9954328017401869,0.9958093629676388,0.8877068769137335,0.8690968439388045,0.048896887466802985,0.9849487094258084
Daucus carota,0.009001601836480475,0.012484209360986452,0.01623043825461966,0.01030183400879258,0.6140772741470581,0.006587599663949726,0.04869006572226978,0.028201573403058275,0.7867346984815067,0.8224197428817391,0.02127916533529608,0.011119275533518328,0.19103410254848896,0.4670118686027593,0.6677194914120151,0.019633515097600845,0.0,0.2986814995633091,0.9411849051663979,0.14553639681432726,0.9182665335381296,0.012701591391876696,0.0025084531872481505,0.9372237258488192,0.5066662018094548,0.0012058956964944392,0.011224674523457184,0.9723378854359316,0.3650238929669612,0.057286338230941806,0.8811901279512045,0.8740994521246742,0.9394183829557707,0.33476207195530555,0.010708842236740401,0.9669298141865261,0.26365211025534346,0.0011389561416475392,0.9690001034722107,0.35247291512769585,0.8658749984117088,0.004486266236608448,0.4438657074930829,0.9356779383003635,0.7556258803854942,0.6518440692313106,0.7839144937680073,0.00045435563330814804,0.0005358559995831937,0.020023728545563908,0.9487057474844387,0.9075064198279411,0.7423338200306785,0.795552854378713,0.5568436405117281,0.8037907343928582,0.45774971388597524,0.8681936259365653,0.9969383989146536,0.015159054706202274,0.032356988603076745,0.6723820767507929,0.7828123587033806,0.5729780267696553,0.7121872908292833,0.0368812487670153,0.019039097122112186,0.24025809621139024,0.6571885486271654,0.0013835843949807271,0.8325484958544609,0.8449473061013806,0.32115747646307585,0.003661934212225697,0.6836977566120435,0.2516930027160035,0.014849117444111219,0.5425951816007912,0.006496527864701228,0.03194102479205142,0.888877273418408,0.004852585631622621,0.15705414781212013,0.7858421664128288,0.33959239835732624,0.7986481595553007,0.9042601761088093,0.11566647652703367,0.07057738110940855,0.5484312015944386,0.003952691348410407,0.5690511867048573,0.0034321523405709538,0.6396037640841262,0.01475024161593929,0.019858621710016126,0.25993146015219737,0.30314247355256235,0.9845049160376079,0.03648959001064464
Carex panicea,0.6781378148061469,0.6661890280539963,0.7387093395126852,0.676489542750427,0.9050355647086172,0.6802237882449877,0.7852457133704408,0.7873649127831432,0.61243991220785,0.6773649467896276,0.7749919781378709,0.6514438229072962,0.9590946156042323,0.8558775799840095,0.8467978266741905,0.7687761138995989,0.2986814995633091,0.0,0.4986364639644674,0.9165308051781009,0.5174958413150945,0.7185543828819781,0.5518751351213095,0.5181934134758766,0.9668130021509094,0.4226843288179875,0.7236800166271043,0.3671943352836153,0.9885868893140448,0.8768904118501558,0.49459465662515534,0.5117501710146873,0.5163724091594836,0.9809793507188096,0.6587115914972715,0.43846765974253654,0.9807512994060074,0.5284447204570688,0.44285475954441167,0.9866269222240364,0.6483176536452459,0.5921306022304812,0.9853082735405572,0.48118152172210943,0.6254701586615341,0.7314107345198431,0.6170213501179262,0.495456544904197,0.5315992865088637,0.7515424993633012,0.4473451168934608,0.5286466533353482,0.8045004351924296,0.7216665307112244,0.9486125414852152,0.6970921001071702,0.979880466975154,0.584779592713771,0.29675021461654644,0.7751169662903756,0.7804049402894832,0.8592163859953903,0.7075898584064217,0.9121838509719281,0.6992768097724075,0.7883909036284188,0.8031462748580801,0.9904215403678183,0.840186077432421,0.523158071208468,0.7134272696326521,0.665930978206334,0.9990694908826168,0.6177644507225443,0.8487299441777135,0.9821282709775478,0.6616742802355081,0.956121635053919,0.5835502823229846,0.7936273945813533,0.6028783186736604,0.6660457030253872,0.97722557317669,0.7661159549259707,0.982748735877033,0.7134881624504669,0.5029873557932427,0.9280285530660776,0.8098436012522935,0.9536464371075498,0.5523312869734888,0.9096929299099066,0.6436227146483846,0.7279422690849188,0.768442473271386,0.7904398121768137,0.9156728469613217,0.9357614320596706,0.39001460265648896,0.7696646530951189
Trifolium pratense,0.053795729312310435,0.05989986821098246,0.07702892281556908,0.056485864827867695,0.8037997224681859,0.04836583237020785,0.13580356211292635,0.10619123078408277,0.944832749669952,0.9619301284188503,0.0924760569138088,0.05543939481268495,0.3506516877872385,0.7187614725201298,0.8558545435781233,0.08845632672195575,0.9411849051663979,0.4986364639644674,0.0,0.2848089261771121,0.9966589331359709,0.06709163780721927,0.02467867871705872,0.98959995578697,0.6995176339595663,0.013231773995111608,0.06488396239692272,0.9721766937478821,0.5440008285476857,0.1702738619759111,0.9760816175114148,0.9764895818218513,0.9954368879940851,0.506620707727098,0.05534363006429119,0.9956707561985085,0.4360844100174731,0.01766971615868309,0.992262627039229,0.5291256825073266,0.9774483839900785,0.0338750404998211,0.6368343901072492,0.9969101272613825,0.9282117532411117,0.8653333213317288,0.9435970839422224,0.012128385202341664,0.014824927234046185,0.08599406604941381,0.9936557758104917,0.9942349167673554,0.9032620786413657,0.9450920129959366,0.7196594073399604,0.9521482119822945,0.636130989399164,0.9833400891211094,0.9398883159461756,0.0820708912927222,0.11125215556312802,0.8537025589608263,0.9416184651711077,0.7773193659542298,0.9039153651531071,0.1195896573917884,0.09550942459408965,0.42224796606684467,0.8520463639507696,0.01850253355188985,0.9497244049748286,0.9707773748228505,0.5158011187719603,0.03358557529447313,0.8630907049212289,0.4254017434002298,0.0640928407882147,0.711059807690252,0.038602636283244805,0.11325119855174189,0.9888159824599009,0.04215407342527898,0.33244559799505013,0.9290716133725583,0.5128047545960985,0.9477159490565974,0.9888879233739402,0.2572789645676046,0.16946626687876484,0.715410294566179,0.029403783853463268,0.7760097503051614,0.03551616839221495,0.8576824616923011,0.0798653547341232,0.09347033138293671,0.40226355895531984,0.4523302488956501,0.9790615939747721,0.11549962885593348
Vincetoxicum hirundinaria,0.9037066505056323,0.9046199798973226,0.9345263482520627,0.9062077328769439,0.7110152275768555,0.8940356325728314,0.9670463475565322,0.9585028054117016,0.3662142803560065,0.43746870792742065,0.9476387009686582,0.8960602834144767,0.9920907869539728,0.6109386196331279,0.6229995292197161,0.9442531133054622,0.14553639681432726,0.9165308051781009,0.2848089261771121,0.0,0.2960450019567696,0.9232759655121788,0.8246047407160216,0.3104267270862683,0.8258455766670019,0.7226667348072279,0.9194280368619118,0.1861417759972623,0.9414256390781807,0.9795871801818843,0.27292761642662555,0.286099271971334,0.30512714149689696,0.9608681736522197,0.8993026657278862,0.23887032591208693,0.9753160928007063,0.7974347907319297,0.24599925894024807,0.9492890593905147,0.41956177531748073,0.8546034997024406,0.8734047282515286,0.2676517171975232,0.3760705185631284,0.4737862718765116,0.37019837361796243,0.7574852117404529,0.7661707150843698,0.9430614195980923,0.24209632074850168,0.30405612089872514,0.5840515005365645,0.48395646258406716,0.8513114625886626,0.45574530749163195,0.8975781431106277,0.349427222668069,0.14320689747822377,0.9296379484368302,0.9608426802508971,0.6462398062461128,0.46313088652128903,0.7099854213045547,0.44457387881433286,0.9652455014952559,0.934719865605545,0.9619512434196554,0.6096440993803053,0.7992378433074678,0.4997499454559609,0.4314035999800763,0.9245914168638413,0.8610166518065391,0.6322688301623984,0.9749260966794617,0.9034185284294598,0.8540227926316606,0.852538803000962,0.9629526084943609,0.374321219808935,0.8797817024198268,0.957996355358168,0.5461506912550497,0.9578747180722602,0.4744467726596069,0.28155714737876075,0.9938084723728662,0.976495284065565,0.8516687475076503,0.8294522048519121,0.7040323089959246,0.8627352911813948,0.4694429698640966,0.9297542814572455,0.9426910799771787,0.9825705291881964,0.9770567558045677,0.2080690384823566,0.9594039489286867
Ranunculus acris,0.05454035163959247,0.06119139815134533,0.07896450855111771,0.05745055155694272,0.8191013205705946,0.0486434127121146,0.14106656429386805,0.10978039492703305,0.966377699941027,0.9718777448395182,0.09520994972260707,0.05652397531567743,0.3642355387062647,0.7496035982998581,0.8723123325596474,0.09095299346557958,0.9182665335381296,0.5174958413150945,0.9966589331359709,0.2960450019567696,0.0,0.0684688540878171,0.02429236363101418,0.9773285108459103,0.7154396435279672,0.012847539675040978,0.06602720454496284,0.9677107118961653,0.5588250900047442,0.17736683726990315,0.9895006135900941,0.9903744216281117,0.9863543259499776,0.520679167780934,0.05636852232446116,0.9883330863121129,0.45105597608435954,0.016958098244828888,0.9791540318815561,0.5437285417578157,0.9785165444527198,0.03385220036265238,0.653338173336406,0.9983728230963755,0.9527677599005108,0.8936148458185382,0.9652315867877279,0.011269812521566093,0.013821289751158176,0.088468546931568,0.9937211964663315,0.9996278972679202,0.9125842277605912,0.9552981347501958,0.7273121014273668,0.9637561294473986,0.6493234001870003,0.9931569095695683,0.9215136352812223,0.08396704060095524,0.11519966055915376,0.8676379624076851,0.9560861903778438,0.7965670028363099,0.9286545518145342,0.12399872464081274,0.0981206092256815,0.438613714658595,0.8707128338220071,0.01788970564485839,0.9470214672165914,0.9763313251475297,0.5337314773271039,0.033315216969018055,0.8767761087218758,0.440623245192021,0.06569835831800287,0.7204402382829999,0.03897560288095236,0.11725796192052595,0.98982664337547,0.04206083674786958,0.3474729095204454,0.9338477399938435,0.5270155116500023,0.9583447912134251,0.9972261153308881,0.2683391166292572,0.17621779408515106,0.7243074546634994,0.02934453057696888,0.7959915199903634,0.03510880614608859,0.8871455028052356,0.08167347540094254,0.09610725947487764,0.4130519880023004,0.4633056644228849,0.9605744795955703,0.11973129789506318
Filipendula vulgaris,0.9968229262669216,0.984036248564374,0.9994024897018663,0.9942557527113556,0.44205077646283725,0.9964491443620761,0.9783075829713478,0.9928997021060678,0.09757639442770336,0.16626983265655423,0.9942082451206948,0.9793962113289322,0.8789614861100177,0.2931644581546662,0.3378925321543863,0.9950698516379849,0.012701591391876696,0.7185543828819781,0.06709163780721927,0.9232759655121788,0.0684688540878171,0.0,0.951458821818307,0.09412288946137545,0.5874852454108922,0.8207264629063116,0.9983834921275079,0.020250675782497302,0.7627407330081158,0.953245609216577,0.04903741817742267,0.05547982723994696,0.08632661545585951,0.7991790617570732,0.985019595785266,0.04391265572262459,0.8293415040855849,0.9459791744382214,0.05192287491201149,0.7769113560840847,0.16413631741504764,0.968046637470376,0.6531815851334983,0.05348368136331667,0.10130458876780134,0.1706000353989464,0.10016906017176926,0.9240163367696526,0.9327988303902112,0.9981865962539919,0.04122350023970231,0.07171098769272458,0.3104688160265752,0.20779112169801273,0.641083344115988,0.17978761280766442,0.6953515012783598,0.0974715661347333,0.011047660024057267,0.9804529108577872,0.9919376247709859,0.36928178784145177,0.18197342064791674,0.43186826302272757,0.15171253932436288,0.9892927962448178,0.9648557886281376,0.8052405815298103,0.31873204181923614,0.939460447707468,0.24768539307681567,0.1675674082316296,0.7317050231368014,0.9852184791134424,0.35408312279826387,0.8295405044395151,0.9742211896536118,0.6407123660029819,0.9479866303844809,0.9913285342964685,0.12619745351166772,0.9919528376265692,0.8187703946028626,0.2797758837483506,0.7932486705043664,0.19824821700262807,0.0565351530002621,0.9188244589263475,0.9649830733377837,0.6385694480988887,0.9378868938757305,0.4230597588334456,0.9864029871132602,0.16524874957708383,0.9849745183413862,0.9828822687566466,0.8700931847001927,0.8474538687712077,0.03538523275419878,0.9867436240150594
Amelanchier ovalis,0.9727731531875395,0.9831911867321906,0.9433442731285585,0.977800826119775,0.2995404522076948,0.9527119474906081,0.9331626759895865,0.918842393010678,0.03552983671387923,0.08128942618392708,0.9150687402972011,0.9865799539995544,0.7547171499309281,0.1500363610032646,0.2067445110779792,0.9175322109434255,0.0025084531872481505,0.5518751351213095,0.02467867871705872,0.8246047407160216,0.02429236363101418,0.951458821818307,0.0,0.04223849457049994,0.4380764110197534,0.939142530353448,0.9361615245756288,0.004317535574172694,0.6293656444274703,0.8298864879206482,0.013951040468448708,0.016649635345007473,0.03663260178605298,0.6756642494120614,0.9854121396446731,0.013801271536897848,0.6983453257208647,0.993309412394359,0.01831450594116814,0.6466267402457558,0.0841351098108166,0.9978163582111452,0.5032154038860427,0.017248388302475808,0.036617531831717516,0.07407803379067496,0.036860695780252424,0.9718546756206092,0.9313527654275991,0.9408192954766995,0.011935061018229385,0.02560033742437195,0.1920250884241263,0.11041436284668453,0.5189858258379743,0.08968116737476087,0.5616567933029253,0.03849038133223136,0.001948952816414497,0.8730740045532481,0.9326097460720437,0.23674931002751765,0.08960869922365285,0.2829339451745945,0.06476527827993064,0.9294262149952995,0.8371816586130046,0.6535585669939682,0.18832690185236395,0.9980802831109679,0.15084952291586726,0.08433753606612202,0.5741991260123608,0.982855039146135,0.2239656503951604,0.6942776167688686,0.9813103884395797,0.5135133631635063,0.9914922822576745,0.9185108880654589,0.05846994163448658,0.946127237320457,0.6479856774276349,0.17088394932320397,0.6677934894640445,0.10323967853204763,0.017811477545483963,0.7932602532274826,0.9158044125567607,0.5125474901976871,0.9945929203723817,0.2737587498147612,0.9472412975171757,0.07008397979513116,0.8848861404471322,0.8786300589229855,0.7929548950926787,0.7604317435560762,0.010979122335391034,0.9422010872681795
Convolvulus arvensis,0.07856173874219233,0.08337092385669471,0.10491239396942974,0.08092232708747274,0.8113296897250629,0.0738131437961041,0.16233835905762706,0.13568079604163424,0.9128856570959669,0.9523560085145316,0.12226771668387922,0.07816702725247654,0.37537488707932537,0.7121111859848183,0.8560701731435857,0.1180710944101159,0.9372237258488192,0.5181934134758766,0.98959995578697,0.3104267270862683,0.9773285108459103,0.09412288946137545,0.04223849457049994,0.0,0.7130879198343963,0.0244265982959562,0.0926545411921304,0.9442485846363639,0.563448229557044,0.20241288189655238,0.9390024307996507,0.9410151672962824,0.9987687953728547,0.5270883397908711,0.07856753805979108,0.9837805750626782,0.45806314159786804,0.03383348446542022,0.9926947941165886,0.5489791100778859,0.9787807369334268,0.05369367158176575,0.6524795192553183,0.9756537778147082,0.8948961573297524,0.8419787313918914,0.9121128331861367,0.026395062922905554,0.03154270826109045,0.11415491209620605,0.9699074507399305,0.9731198618587418,0.9084710806381222,0.9401641228305665,0.7419740798363659,0.9424536738158441,0.6547297649400645,0.9627756358971331,0.9261684999288176,0.11343927913882856,0.13955305924152125,0.8582050501317843,0.9292401060708144,0.7816240600280854,0.8793039542036575,0.14780791045834754,0.12862326800473528,0.4452095717838641,0.8491602135955797,0.03438927228193009,0.965569115624693,0.9666331265596135,0.5348483174841918,0.05511712888561413,0.8668416004537249,0.4478130830182851,0.08701753702537972,0.7315759530086223,0.057841531079515056,0.14259928124062585,0.984645112327418,0.06698913854270164,0.36090591272850575,0.9373464199490023,0.5331148375997455,0.9412652052892464,0.9598916416918201,0.2861041498781769,0.19523419423997837,0.7363586250124053,0.04703065525796339,0.7794157162181327,0.05905300843466413,0.8332547994367683,0.11068959728379082,0.12499107993485224,0.4239438549155856,0.47397727526984423,0.9822786836782165,0.1424959056879452
Epipactis palustris,0.5498796832488443,0.543941589563044,0.6077478238325933,0.550038902941671,0.9825848203727923,0.548484722824918,0.6684218587384253,0.6584610743260755,0.78606052794917,0.8421332074346034,0.6429664009524275,0.530510895411834,0.8826593773953565,0.9292174969111298,0.9521019692936034,0.636339172631084,0.5066662018094548,0.9668130021509094,0.6995176339595663,0.8258455766670019,0.7154396435279672,0.5874852454108922,0.4380764110197534,0.7130879198343963,0.0,0.33480872825943636,0.5903542574785423,0.5758823940144793,0.9675645050832895,0.7551007461437064,0.6912636419620151,0.7064078085830238,0.7132443649523892,0.9490950776629937,0.5359691153724325,0.6457533323755398,0.9276607556691137,0.41534256255266977,0.6487711105349379,0.9611323083306621,0.82046552387354,0.47395996571881494,0.9955177422043359,0.6838316300363697,0.7935195096421893,0.8665078529783311,0.7896385601729785,0.38590360247551087,0.4143177260001253,0.6217611713243612,0.65320452866769,0.7246284822061406,0.9290443855844666,0.8740004599301597,0.9872499980498951,0.8561565415868121,0.9886224935549004,0.7703481371198795,0.503940397569295,0.6386306215114572,0.6550138340040342,0.9602640546802123,0.8627064007493851,0.9825951479734727,0.8489199330296509,0.6646433797447793,0.6668879633899177,0.9329112990434171,0.9467329547224023,0.41229266377416096,0.8653832013393195,0.8341008660627304,0.9701212256950648,0.4927527864097648,0.9545259024911688,0.9257541835464066,0.5425419049460047,0.9913115023983377,0.4703844372229124,0.6662757654691559,0.7856859600831229,0.5341626713079053,0.8948999752102923,0.9040808279679922,0.9525778948706849,0.8681456911336423,0.7013313192650125,0.8269230700724908,0.7003163198690576,0.9904834048003778,0.44162456596354527,0.9806834305099715,0.5131861783681892,0.8621157128576783,0.6323422084580096,0.6556925643830294,0.8617499747402411,0.8937569584674945,0.5989200946038946,0.6482640580669454
Leontodon incanus,0.8575996828212179,0.9087122374766593,0.8125819804667301,0.8760745162097152,0.21328882119271905,0.8076383487800481,0.8523835981573885,0.7876609178300532,0.01874927328204657,0.0481860875896997,0.7707313047347272,0.9190073651113436,0.6378651255260935,0.08840270059574762,0.13736953972311722,0.7722727405376707,0.0012058956964944392,0.4226843288179875,0.013231773995111608,0.7226667348072279,0.012847539675040978,0.8207264629063116,0.939142530353448,0.0244265982959562,0.33480872825943636,0.0,0.7886752177730368,0.002080805388551798,0.5239186491753806,0.6784150448269851,0.006970620040649607,0.008407371262258715,0.020683751353059027,0.575759619638219,0.9068672262887578,0.007102471937296969,0.5855070672386756,0.9044655326533372,0.009738182753358323,0.5425783843257869,0.05131093602071821,0.9291224425645976,0.3939160598409341,0.008901025618261026,0.01924299630597346,0.04116235925216375,0.019510174950636765,0.859448495661771,0.7696120919947894,0.8153214152189865,0.006015303524565744,0.01355052310419674,0.12943781261367468,0.06814379764798911,0.4331971278324052,0.05359475143377898,0.4622527837814944,0.020976499925575508,0.0009285864615282623,0.6981431810792227,0.8208321997986243,0.1625755826693944,0.053116879067175646,0.19556504913917613,0.0358995444403749,0.8215314632974177,0.6552791412958872,0.5240202201755826,0.12220289695046188,0.9325303924085543,0.10167469785878766,0.05082952096172174,0.4505894727058992,0.864754456498767,0.15248250015756154,0.5768423297315284,0.9250546280065872,0.42330445234957603,0.9597779670657646,0.7924564352939577,0.034031194444909665,0.7910731570952276,0.4974598523124192,0.11472562602889061,0.566639826826142,0.06304572878212289,0.009113988275522029,0.6603850205027341,0.8440739675484226,0.4234581175450256,0.9654806063911627,0.18744532994992041,0.7896282053979672,0.03856088621575663,0.7142197261075504,0.7124412741377925,0.734100390995772,0.6947144576370923,0.005656489251198422,0.8514523348732224
Koeleria pyramidata,0.9919584367910996,0.9726308489855634,0.9980377104224272,0.9871442039085224,0.44490428716398744,0.9970642998479211,0.9694048417596696,0.9922002264579117,0.09471882477549216,0.16530404087565395,0.9958305977682351,0.9667860739236028,0.8785471290962007,0.2943197592241059,0.3398561446264763,0.9967958017723915,0.011224674523457184,0.7236800166271043,0.06488396239692272,0.9194280368619118,0.06602720454496284,0.9983834921275079,0.9361615245756288,0.0926545411921304,0.5903542574785423,0.7886752177730368,0.0,0.018187030762288278,0.7625137157933132,0.957718198983829,0.04610792276587204,0.05253768190103946,0.08460996979048754,0.7973296786555929,0.9740936350289664,0.041660922050278666,0.8291555949450791,0.9344682098781122,0.04990090351787219,0.7761775083470941,0.1634323759393358,0.9546121400437149,0.6557948487234022,0.05098310326262134,0.09833708953647056,0.168817545888789,0.09734845685982696,0.9160605071029683,0.9354337025069994,0.9960347017757422,0.038746921345148046,0.06922701389229276,0.31187507488905036,0.20762793720508665,0.6398768473389068,0.17903349253065953,0.6953664078031252,0.09517914375611652,0.009589834204792272,0.9886416733182936,0.9877841460032352,0.37148809590762594,0.18115836143022995,0.43515592847765905,0.14973055546438102,0.9845973090867507,0.9752288519482715,0.8085988200281748,0.3204658530857499,0.9242704014470055,0.2482521823244143,0.1667824325070209,0.7354200232219054,0.9800285184304166,0.3561232242765062,0.8301690296163352,0.9602230743889604,0.6402341595177895,0.9294863076006847,0.9897846677974577,0.12479326387780795,0.9944098374367648,0.8261683515665734,0.2807532175016787,0.7917189426580868,0.19789163298980267,0.05380599894303813,0.9205274929885474,0.9551181163330507,0.6379482998429422,0.9184214232588939,0.4263426124950246,0.9891364953930252,0.16325403016731918,0.9920685595814759,0.9892531730267078,0.8604890373976537,0.8393096125069429,0.03345226073930132,0.9791226409333302
Trisetum flavescens,0.014596997638207399,0.019472262961549466,0.02543126189829928,0.016464368331034908,0.6859421367789743,0.011033932336764576,0.06826318415203467,0.04240104590367777,0.8849330488875186,0.8873503966356898,0.03290836644901978,0.017442331088276797,0.2402078482212729,0.5768877049071437,0.7449215216981864,0.030557863721828987,0.9723378854359316,0.3671943352836153,0.9721766937478821,0.1861417759972623,0.9677107118961653,0.020250675782497302,0.004317535574172694,0.9442485846363639,0.5758823940144793,0.002080805388551798,0.018187030762288278,0.0,0.42522687224105804,0.08237487566290866,0.9599147279951081,0.9537122762706524,0.9548622343062924,0.39153331282056897,0.016914902561073288,0.9867411062486556,0.31987294673412037,0.0020577468084027367,0.9730072698306821,0.4115210359747547,0.9076922470346168,0.0074806671517043555,0.5120620623904459,0.9802028691855595,0.8616119055460737,0.7633245287832686,0.8822035874514956,0.0008571970409331261,0.0010179245230611483,0.030818222309656352,0.9895028807052905,0.9625603003101415,0.8027260162900051,0.8602269187197148,0.6058754919470618,0.8727145860877412,0.5174586235433297,0.9346142471633235,0.9819993360693628,0.024438478948904538,0.04765852927188959,0.7427744571533612,0.8590718435645688,0.6541309098779986,0.8158976159928473,0.0536412894126536,0.030388362958430677,0.2993161003162177,0.7401854932494857,0.002460651073678742,0.8638016684277953,0.898394314047221,0.38808048127415073,0.0062857440101664,0.7538375645407479,0.3080883181422635,0.02270069833063803,0.5956141995727537,0.01044064650464129,0.0474291487469163,0.9310288435413714,0.008312710671292956,0.2085078294459785,0.8354672670292993,0.3969959226334348,0.8646154793291511,0.9681000570625479,0.1544185732447586,0.09525408533959986,0.6004071945666565,0.0065552889660522185,0.6521033601348875,0.006000529890531303,0.7541650529203905,0.023758056481546663,0.03125338083175814,0.3042731387897557,0.3499556071798302,0.9729086963810198,0.05268952046983276
Briza media,0.731472639464455,0.7290311643360731,0.7800361175735468,0.7329180064779003,0.9057022627547089,0.7258495376886477,0.8321578868987665,0.821439298259434,0.633636813185498,0.6987173771768621,0.8070171091099622,0.7172062011236678,0.9718433348683222,0.8305416278221581,0.8481538555381558,0.8014796961619189,0.3650238929669612,0.9885868893140448,0.5440008285476857,0.9414256390781807,0.5588250900047442,0.7627407330081158,0.6293656444274703,0.563448229557044,0.9675645050832895,0.5239186491753806,0.7625137157933132,0.42522687224105804,0.0,0.8890430752670841,0.5342478885391425,0.5493064615102049,0.5612352865055609,0.9977208682724092,0.7217420230072081,0.4909121626154597,0.9913361177260601,0.6029654903029696,0.4958207037798263,0.9996927420333235,0.6772880176828311,0.6643720198045578,0.986233688378923,0.5269881946470365,0.642738406094393,0.7308430775713811,0.6375856168699934,0.5669832493872904,0.5874178574913237,0.7924159298274979,0.4970282390415389,0.5680217372322712,0.8164534644141404,0.7386906997191116,0.97103952674703,0.7154142849870706,0.9928235534762317,0.6160709209441858,0.36240199516718347,0.7959833366426684,0.8207098830256171,0.8632651306958103,0.7228134085868928,0.9055557759079698,0.7068591118585049,0.828568101520581,0.8153174266091403,0.9884708896083225,0.8391239568223131,0.6023214371046863,0.7399875098583921,0.6909699847485526,0.9940870512858375,0.6777559977691745,0.8535613093358433,0.9900002045583368,0.7280299086361821,0.974724030286806,0.6620658857885952,0.8282338966494444,0.6361186159422267,0.7106770839405008,0.9638730883009441,0.7842896699110775,0.9984501192630236,0.7309396052683106,0.5439946868160516,0.9389399313624457,0.8558265159527959,0.9731572730828015,0.6343445972083286,0.9018117577850497,0.6903340486615386,0.7263589758787558,0.7922691476066503,0.8122401253926478,0.9557710085037596,0.9723003111221207,0.44869584370857074,0.8163614192067803
Trollius europaeus,0.9288602160719059,0.9104345333740566,0.9626721922257339,0.9247963000995796,0.6232178995951595,0.933996706257108,0.9616813083872737,0.9813334859707469,0.23820696658275053,0.3197491169130303,0.9792636899942374,0.8996307712414058,0.9683106849719422,0.5083532550361737,0.522745775082397,0.9770824253585072,0.057286338230941806,0.8768904118501558,0.1702738619759111,0.9795871801818843,0.17736683726990315,0.953245609216577,0.8298864879206482,0.20241288189655238,0.7551007461437064,0.6784150448269851,0.957718198983829,0.08237487566290866,0.8890430752670841,0.0,0.1507140594969777,0.162777440636673,0.19444191943417194,0.9108196007677251,0.9077383279942658,0.12892281198818323,0.9385028761377926,0.8149654529887532,0.13901215407431453,0.8981217980137783,0.30653604746524693,0.8622024162758974,0.8114355273488117,0.15113280195102455,0.2469966279107094,0.3499738267185092,0.24224817559043746,0.7845716852097102,0.8163524807024234,0.9670767370411583,0.12823013728765456,0.18408290719094353,0.48167886526465764,0.3702305265347077,0.7759866068176713,0.33853090808220204,0.8334913880383205,0.22707040049171504,0.05420283571588094,0.9784219510150287,0.9738178332600382,0.5497804511089476,0.3448891567136367,0.6225519616388872,0.3194185214920227,0.9749149650818498,0.9846893540908523,0.9331312618399057,0.5069008793923534,0.8068414284931301,0.39643374919432156,0.3160858554676393,0.8812141343943262,0.8905296718264124,0.5340528496782528,0.9412157756079608,0.9004253536769701,0.7804553251114399,0.8434222307050229,0.9820791809821975,0.25848325296424673,0.9254693476017076,0.9505850469955005,0.44213753929158583,0.9075619868375013,0.3595445415834684,0.16092289914257943,0.9908334415026366,0.9613300113960244,0.7774645452485521,0.8206467768284436,0.6157662865804873,0.9105135948993341,0.3447767060371009,0.9767429322969521,0.9848148458074519,0.9290945726571712,0.9204585689663382,0.10714458947433189,0.9621380761474746
Carex leporina,0.03744301518628716,0.04475171780137787,0.05846958012095469,0.040457630560215216,0.7965729348151509,0.031378044951982875,0.12023189712904123,0.08706370890620564,0.9766764420346123,0.957076300882745,0.07260406010657917,0.04080928418256097,0.34041224336089415,0.7462646607231778,0.8544962123406891,0.0686235003860074,0.8811901279512045,0.49459465662515534,0.9760816175114148,0.27292761642662555,0.9895006135900941,0.04903741817742267,0.013951040468448708,0.9390024307996507,0.6912636419620151,0.006970620040649607,0.04610792276587204,0.9599147279951081,0.5342478885391425,0.1507140594969777,0.0,0.9995672003635054,0.953784252555795,0.49622243744933386,0.04030439593969345,0.9667562777293008,0.4274343789205328,0.008289270068573908,0.9463465951033022,0.5192124308859138,0.9518617074628336,0.021341313538848786,0.6294250253852823,0.9884750693178188,0.9663249636427578,0.9008597923405386,0.9751524203427345,0.0045010588795506914,0.005514809379466842,0.06745087299063075,0.985114111260714,0.9915955405356904,0.88755795567847,0.937292606213864,0.6945775842554133,0.9498923587037793,0.6225539686871937,0.9868876358759117,0.893681401477821,0.06031417600704003,0.09339470337353854,0.8457517877570344,0.9457478435972512,0.7783888939384956,0.9344229794009347,0.1020741373453141,0.07239068055432,0.41463389799032874,0.8562208459302227,0.00920157571150251,0.9098690595033575,0.9554811904904369,0.5107012541191646,0.01980211712071604,0.8551554248099168,0.4169527725291397,0.049497862589943833,0.6895108247109116,0.026478909642907337,0.0944921131349253,0.9668780675523971,0.025676422751513727,0.32052931501344667,0.9046053556746397,0.5025341667459431,0.9416280746284514,0.9974292758431075,0.24296628787567304,0.15534859263235695,0.6928648297656077,0.01848897124412924,0.778789790992877,0.020172129572831186,0.8962176814858293,0.05858528944521126,0.07192899675121049,0.3899969976736799,0.43895741646074643,0.9229936664371821,0.09893929969730125
Agrimonia eupatoria,0.04280778769892823,0.050280564419455276,0.06557507021082655,0.04593594444509022,0.8104681727391212,0.03647961487841929,0.12943327863244022,0.09584546930852285,0.9822349215278798,0.9642703321452525,0.08082519938914627,0.04599863661995554,0.3550536067560224,0.7640245431418556,0.8672834232019092,0.07661520467833097,0.8740994521246742,0.5117501710146873,0.9764895818218513,0.286099271971334,0.9903744216281117,0.05547982723994696,0.016649635345007473,0.9410151672962824,0.7064078085830238,0.008407371262258715,0.05253768190103946,0.9537122762706524,0.5493064615102049,0.162777440636673,0.9995672003635054,0.0,0.9554232932180803,0.5108868020355412,0.04555581531957973,0.9646854043864883,0.44258513368692637,0.01029352101440663,0.9451856391680846,0.534159533024635,0.9578825905554539,0.024897773141772696,0.6450101537607182,0.9877398342761187,0.9728442570191654,0.9125061107845995,0.9809197302996079,0.0058707380481809734,0.007213114758492641,0.0750468742363556,0.982790375073821,0.9929042081873707,0.8983953133941966,0.9459275198743263,0.7077883407790221,0.9578412837385423,0.6371332125794331,0.9905963530676044,0.8856148702697043,0.0683037844175584,0.10212163827164265,0.8584343388164645,0.9542661058206711,0.7932850979419579,0.9440079685938202,0.11111137508586645,0.08144217889476717,0.43083068916993306,0.8692300538430859,0.011279293570995875,0.9177938689592371,0.9621325075453631,0.5272423298689458,0.023473564167704443,0.8675605916647856,0.4323105854062803,0.055154558885367654,0.7031039784961027,0.030292039758928444,0.103541508491006,0.9713234102705811,0.03027686621907213,0.3372123758375066,0.9141419442873157,0.5172805317249037,0.9500384301505139,0.9974601694581613,0.2568583430016115,0.16539255651022688,0.706347016299817,0.02155260005463562,0.7938135644160608,0.024148167435381843,0.9080746890426276,0.06635550036545225,0.080546802140897,0.40255076307163584,0.45191980372711993,0.9200367050772095,0.10753080484193621
Dactylis glomerata,0.0712379389234891,0.0765308310746826,0.09700721357924133,0.07374000150388624,0.8134947838373968,0.06619366916068611,0.15548341485269498,0.12768913189886463,0.9270459015923003,0.9592554178589554,0.1140231517699238,0.07148756045861128,0.3708702709061188,0.71976965184152,0.8606238784894049,0.10982438361795409,0.9394183829557707,0.5163724091594836,0.9954368879940851,0.30512714149689696,0.9863543259499776,0.08632661545585951,0.03663260178605298,0.9987687953728547,0.7132443649523892,0.020683751353059027,0.08460996979048754,0.9548622343062924,0.5612352865055609,0.19444191943417194,0.953784252555795,0.9554232932180803,0.0,0.5243504935540734,0.07173535560800726,0.989654890354627,0.4547925595846982,0.028501671104984878,0.9944086701116777,0.5465687520428641,0.9816196519681636,0.04755586685853206,0.6519008670007812,0.9850288617650491,0.9096654049573932,0.8543076529837486,0.926156850803353,0.02152191930788316,0.0259308578148551,0.10628813452317723,0.9798310148305789,0.9828431650409121,0.9109072361258455,0.9457319614691365,0.7385569530381255,0.9495417629764166,0.6528577866811794,0.9727757188881366,0.9315731246590068,0.10461737484481566,0.13195000117022895,0.8612352648588547,0.9373604410649805,0.7850958571009707,0.8917263947459786,0.1403206920867694,0.1195066922403863,0.44183293941708424,0.8548298842343962,0.02917734281322449,0.9635918198458121,0.9715321877932025,0.5330886720705548,0.04842736521220748,0.8700871618771018,0.44442432772607926,0.08040083477922488,0.7288932790026745,0.05197846291611208,0.13472938800771864,0.9891064633238624,0.059443622308502565,0.3556021114475919,0.9384330737216434,0.5304641400239083,0.9473190509571511,0.9720519645810974,0.27984300642115645,0.1889034417378937,0.7334988685756185,0.04151064375702908,0.783224409670809,0.051775830572873445,0.8459617557516731,0.10198846360253146,0.11628017984813428,0.4200568978653006,0.4702912070385147,0.9826676282401992,0.13530329204216343
Polygala vulgaris,0.7709600761450066,0.7712327426549691,0.8153191312825315,0.7732987260883395,0.8775972499522015,0.7629958029843719,0.8666931092488621,0.8533909576814313,0.5937554001213545,0.6599542975464929,0.8388621028720341,0.76034305519707,0.9831485554231255,0.7958965728929299,0.814591834011644,0.8336842522189564,0.33476207195530555,0.9809793507188096,0.506620707727098,0.9608681736522197,0.520679167780934,0.7991790617570732,0.6756642494120614,0.5270883397908711,0.9490950776629937,0.575759619638219,0.7973296786555929,0.39153331282056897,0.9977208682724092,0.9108196007677251,0.49622243744933386,0.5108868020355412,0.5243504935540734,0.0,0.7640916385286606,0.45497080172740223,0.9962933959980647,0.6477699909339804,0.46026601639314246,0.9990780385796223,0.6395109816861428,0.7094617633718062,0.9729838752069445,0.48958779922552353,0.6027718646116869,0.6915064368429077,0.5976792271419769,0.6098577947354257,0.6257266662787074,0.8272657954094085,0.46049340088718554,0.52959467040768,0.7823252489185809,0.7008448701921345,0.9590280401113455,0.6767678027873039,0.9841872612175142,0.5768426777007495,0.33213911766563886,0.8245760687833914,0.8543831230005986,0.8313736247029431,0.6839921329869533,0.8766606677836865,0.6671246948249434,0.8618310442529309,0.8405748258995932,0.9898420940353385,0.8046100135702923,0.6486309715979598,0.705240182396154,0.6526877373799177,0.987736157193591,0.7191755418923448,0.8209542793268155,0.9947142363944668,0.7711274172011455,0.962090227020382,0.7089655385901602,0.8600509542325946,0.5978186032205832,0.7474771126608056,0.9669941062527201,0.7494982132556502,0.9999292499921426,0.6928059310604222,0.5058709621321634,0.955373485525543,0.8883684843337964,0.9604810277876003,0.6821122068841886,0.8724137897659285,0.7276546550392944,0.6869781138363743,0.8218970325352069,0.8407583120765424,0.9727292185447672,0.9848796957143923,0.41483213273990993,0.8517882914435612
Buphthalmum salicifolium,0.9938846632888286,0.9997916980724644,0.9821068306213666,0.9975531556081139,0.392347872444164,0.9784717855382153,0.9785418495189876,0.9698092590667398,0.08009297362579314,0.1394304237815049,0.9656098986804068,0.9994792346316723,0.8413209994077469,0.24544837081403906,0.2928270840615871,0.9667023893158089,0.010708842236740401,0.6587115914972715,0.05534363006429119,0.8993026657278862,0.05636852232446116,0.985019595785266,0.9854121396446731,0.07856753805979108,0.5359691153724325,0.9068672262887578,0.9740936350289664,0.016914902561073288,0.7217420230072081,0.9077383279942658,0.04030439593969345,0.04555581531957973,0.07173535560800726,0.7640916385286606,0.0,0.03618699433776641,0.789176573413551,0.9712591266133235,0.04285712594798738,0.7377638522745388,0.1386189274507518,0.9944192854421128,0.6020862131310776,0.044004105355296606,0.08307464238839084,0.14094241102466948,0.08224356956469492,0.941814474940663,0.9206222608660719,0.982043668706129,0.03396068759808122,0.059024189648921636,0.2701327099312566,0.1760523745206594,0.6049142164114903,0.15106010888532537,0.6536456580510194,0.08043352870084103,0.009388458403998217,0.9333183310949024,0.9791212620670339,0.3234903782761415,0.15258740548130018,0.3795521258442906,0.12533271268314103,0.9773895593703842,0.9088098683251283,0.7529190616248215,0.2741899675042714,0.9748326220460874,0.2153027201309785,0.14109399214377122,0.6768289220881495,0.9876993071445342,0.309257309377544,0.7867081766500096,0.9973888467191167,0.6016968802500459,0.9886159792005145,0.9701156826998186,0.10541868229030409,0.9701386931144733,0.7546054203559469,0.24301587003647926,0.7569961325577363,0.16749301085000654,0.04645750014143516,0.877250383154936,0.9662247270355655,0.6001590314215148,0.9830530232424435,0.3706315266182238,0.9656627845265924,0.13625052933075413,0.9415502051574652,0.939533196537787,0.8635119357824372,0.8351153464414098,0.02921777984904574,0.9844917550825981
Arrhenatherum elatius,0.0341036836037376,0.03987094033626836,0.0517475543323563,0.03650037383590496,0.7539153473505875,0.029327487381269016,0.10368655939820397,0.07553487751002666,0.9160428673508738,0.9333028654777735,0.06360382405598186,0.036528562931228865,0.29954792760010424,0.6535130832378289,0.8088973483187658,0.06031185675922294,0.9669298141865261,0.43846765974253654,0.9956707561985085,0.23887032591208693,0.9883330863121129,0.04391265572262459,0.013801271536897848,0.9837805750626782,0.6457533323755398,0.007102471937296969,0.041660922050278666,0.9867411062486556,0.4909121626154597,0.12892281198818323,0.9667562777293008,0.9646854043864883,0.989654890354627,0.45497080172740223,0.03618699433776641,0.0,0.38288564159499455,0.008936312517432423,0.9962131130227116,0.47645017281202556,0.9552902513068736,0.020186880718490615,0.5816389485458053,0.9938178741483749,0.8955494219592346,0.8174704041632921,0.9142150911819766,0.00546597422657973,0.006709636754362171,0.059164083221338884,0.9955337539927935,0.9838552347928656,0.8642318955847844,0.9122385181225214,0.6738656183143158,0.9207740596345118,0.5848049531553215,0.9645284775656224,0.9664496154838365,0.053821513874414785,0.08077216621766344,0.8078134920360597,0.9075971844673705,0.7233666969896967,0.8630102325257437,0.08808307369674657,0.06392164749123543,0.3656751126822653,0.8037557890959152,0.009643656553365116,0.9230111708565908,0.9452589306197948,0.4575924495312264,0.019247387240584134,0.8180972138910119,0.3715544359674486,0.04371894916485726,0.6636641630995165,0.024274672773687906,0.08172380017964405,0.9712758379287312,0.02462083353594361,0.2752150529188165,0.8952935399199137,0.46085879415834924,0.9153650196179912,0.9807017297125661,0.20933642511809225,0.13440931987203666,0.6684745828232934,0.017504680729233984,0.7214755788608066,0.01993518509548239,0.808798089606172,0.05232186267211042,0.06328784415533249,0.35808310654910525,0.4067542092819103,0.990401612825533,0.08545153659098491
Frangula alnus,0.7997009989575399,0.7958324217451426,0.8452852106444673,0.800709108456276,0.8432447425532802,0.7945365203448386,0.8887418188318609,0.8823819987843003,0.5314371609808721,0.5997411500450153,0.869729738804153,0.7842955353036626,0.9942192146492473,0.7642838668876706,0.7721748458455482,0.8647780153022064,0.26365211025534346,0.9807512994060074,0.4360844100174731,0.9753160928007063,0.45105597608435954,0.8293415040855849,0.6983453257208647,0.45806314159786804,0.9276607556691137,0.5855070672386756,0.8291555949450791,0.31987294673412037,0.9913361177260601,0.9385028761377926,0.4274343789205328,0.44258513368692637,0.4547925595846982,0.9962933959980647,0.789176573413551,0.38288564159499455,0.0,0.6721052049616305,0.38842266260866715,0.993862097578916,0.5769546090641318,0.7333840306904057,0.9583340854564877,0.41876391580132394,0.5421808420859233,0.6407567388871647,0.5356466962243215,0.6348071536765909,0.6552518003893261,0.8564431618477836,0.38895322177509106,0.46054027006374787,0.7338132087248577,0.6442592332625648,0.9337719250118394,0.6182627156902906,0.9686992102978357,0.5107181269834532,0.2614542949456334,0.8587987234787492,0.8811174991672585,0.7900229907328568,0.6267354835502408,0.8448793244774497,0.6118785211384868,0.8877460854538496,0.8751139844223457,0.9963817721770288,0.7619691806848786,0.6710878254452987,0.6483619858828654,0.591372697713446,0.9855720571604583,0.7476984368268579,0.7781934357653567,0.9997937954601306,0.7936999130452426,0.9382602391529095,0.7292661656635719,0.8881937187888106,0.5322387584627998,0.7797670995842821,0.9828512526370258,0.6968811165195457,0.9958251971672116,0.6355554741757914,0.436361911790398,0.9752343626322953,0.9073180160180228,0.9360758970284069,0.7019842075337036,0.8405421101294637,0.7598410652907464,0.636566048235172,0.8557480361294304,0.8737844728499261,0.9726539149117592,0.9815651944688603,0.3424454706508807,0.8760466893069674
Thesium rostratum,0.9674887139676953,0.9669753362830943,0.93573362878047,0.9687312237563694,0.2788712422621654,0.9555876133153535,0.9082080852252638,0.9066728086315168,0.024977614226898464,0.06756891642759923,0.9072159488513274,0.969797462159479,0.7292520728039045,0.1266369435610441,0.1873199505313879,0.9105074084271729,0.0011389561416475392,0.5284447204570688,0.01766971615868309,0.7974347907319297,0.016958098244828888,0.9459791744382214,0.993309412394359,0.03383348446542022,0.41534256255266977,0.9044655326533372,0.9344682098781122,0.0020577468084027367,0.6029654903029696,0.8149654529887532,0.008289270068573908,0.01029352101440663,0.028501671104984878,0.6477699909339804,0.9712591266133235,0.008936312517432423,0.6721052049616305,0.0,0.01282613747409227,0.6197553206612776,0.07147390584663849,0.9884209498140643,0.4795110731193582,0.011314400585932418,0.025565958151013302,0.05764250791562077,0.026088066477544858,0.992234167300878,0.9609087735819781,0.9305457924770484,0.0072563532432082,0.01792483800050125,0.17442467852937657,0.09512792474884718,0.49369245199180606,0.07520570493397553,0.53613565161914,0.028611932938461128,0.00079432225210053,0.8716217078393268,0.9161483667402288,0.21734719847190606,0.0746744743520402,0.2615356560469245,0.050021410884057586,0.9113066150316597,0.8337253620438249,0.6298305829249063,0.1687427649445332,0.997240429340803,0.13627965700984798,0.07105826174724691,0.5503106284820363,0.9861213193510647,0.20484544576321118,0.668752197010419,0.9599343313113451,0.4886862239679521,0.9706339352926515,0.904538036346689,0.04745789284590918,0.9534617567032662,0.6268818281553628,0.154591004742559,0.6401943849652822,0.08821075260563364,0.011449118120848343,0.7718323010906032,0.8868824574865686,0.4876812144975358,0.9766392768006437,0.25226678430915983,0.9583070362160143,0.05377261925389795,0.8833946822405764,0.8739714395938832,0.7571810161745357,0.7260133890068672,0.007087628504977236,0.9210753566549124
Heracleum sphondylium,0.04124077768359074,0.046657046559952994,0.060118461944729785,0.043563841999260104,0.7549983843022099,0.03659606841985457,0.11158192945204638,0.08457761722202535,0.8977101197485439,0.9281738092338168,0.0727313140127907,0.04304437017415469,0.30619061039246637,0.6464193656897489,0.8067872036877378,0.06935902035837765,0.9690001034722107,0.44285475954441167,0.992262627039229,0.24599925894024807,0.9791540318815561,0.05192287491201149,0.01831450594116814,0.9926947941165886,0.6487711105349379,0.009738182753358323,0.04990090351787219,0.9730072698306821,0.4958207037798263,0.13901215407431453,0.9463465951033022,0.9451856391680846,0.9944086701116777,0.46026601639314246,0.04285712594798738,0.9962131130227116,0.38842266260866715,0.01282613747409227,0.0,0.48149790828134137,0.9571826681951593,0.02553992880478616,0.5851204437539874,0.9837582873016051,0.8761425561966328,0.8027146692247339,0.8961198268458817,0.008618185299262011,0.010537573819358693,0.06767320783478686,0.9841452294376659,0.9734352810205807,0.8659785815750614,0.9092684649688166,0.6824101281328264,0.9152704120955059,0.5901116819516006,0.9538238791298537,0.962184703237694,0.06348344789147674,0.08936757621179764,0.8080769831271359,0.9002657429823138,0.7222375882791509,0.8480633776728322,0.09664247882207631,0.0743365039396961,0.3715061835554207,0.7998517884110061,0.01351653045952153,0.9324505436854476,0.9436104519569063,0.46184651639875585,0.02505586386086444,0.8181198788530067,0.37722236715298224,0.05035537083647452,0.6710033653683577,0.0295582050448019,0.09071674094245674,0.9704712601270044,0.0315802722376798,0.28356836712424827,0.8995161871349676,0.46608982434941726,0.9115953320133827,0.965490906582358,0.21784510235639268,0.14192224823741953,0.6761305361263787,0.022172985244562907,0.7198365746473306,0.02635011831282639,0.7934004248534344,0.06176631185714441,0.07307207150079345,0.36406750211690486,0.4128975352199354,0.9963707673521541,0.09355652117608905
Pinus sylvestris,0.7466349393828873,0.7449883443594205,0.7938091996601935,0.7483447750710016,0.8954651145984571,0.7402919521163046,0.8454308816720654,0.8340485287095325,0.6182328244130723,0.683803671853082,0.8196438037700866,0.7334583047991531,0.9767980413378368,0.8180728220958616,0.8357229101849214,0.8142354262039624,0.35247291512769585,0.9866269222240364,0.5291256825073266,0.9492890593905147,0.5437285417578157,0.7769113560840847,0.6466267402457558,0.5489791100778859,0.9611323083306621,0.5425783843257869,0.7761775083470941,0.4115210359747547,0.9996927420333235,0.8981217980137783,0.5192124308859138,0.534159533024635,0.5465687520428641,0.9990780385796223,0.7377638522745388,0.47645017281202556,0.993862097578916,0.6197553206612776,0.48149790828134137,0.0,0.6626205206575143,0.6812741096497718,0.9818455193982293,0.5120904477061982,0.6273678567367645,0.716065476073284,0.6221846937463275,0.5831072293659014,0.6021205982818436,0.8060191786911454,0.48238819201069943,0.5528533134544512,0.8036040173456218,0.7242387097337886,0.9667173697738264,0.7006080862665248,0.9900095762756013,0.6007522925395298,0.34986723883493803,0.8075854159574376,0.8338387779910365,0.8514577317751073,0.7079933727968702,0.8951286945084119,0.6917819454978142,0.8415316010231422,0.8257826561119009,0.9898456724649569,0.8263500431863969,0.6195666663094708,0.7265930153565521,0.6761795139462997,0.992503968869233,0.6935530159653713,0.8414532298008948,0.9924864653864124,0.7442247432193548,0.970237135732799,0.6794631257823882,0.840771912897266,0.6211455548840311,0.7250160884101912,0.9661405952684725,0.7710528121836251,0.9995178499360036,0.716361418593457,0.5289042606045626,0.9459403339063018,0.8683174014334631,0.968635387372276,0.6520149323088905,0.8912047806132527,0.7048391281539456,0.7115743841024323,0.8042163936293197,0.8237869051268388,0.9622915066027748,0.9772107781251157,0.4349082646004657,0.8300099594607427
Festuca ovina,0.14107719352297385,0.14500287074510226,0.17898094356872377,0.14351245715593888,0.9046468147474102,0.13615314257457944,0.2470631245310743,0.21984540863955193,0.9629116336015908,0.9937193950539953,0.20367624929332315,0.13730799561432985,0.4930729719204109,0.8382937683508608,0.9410706584729422,0.19815800042692552,0.8658749984117088,0.6483176536452459,0.9774483839900785,0.41956177531748073,0.9785165444527198,0.16413631741504764,0.0841351098108166,0.9787807369334268,0.82046552387354,0.05131093602071821,0.1634323759393358,0.9076922470346168,0.6772880176828311,0.30653604746524693,0.9518617074628336,0.9578825905554539,0.9816196519681636,0.6395109816861428,0.1386189274507518,0.9552902513068736,0.5769546090641318,0.07147390584663849,0.9571826681951593,0.6626205206575143,0.0,0.10206897762608642,0.766330163277317,0.9673800047901657,0.9534360028833632,0.9307305898839492,0.9632228598652847,0.059238586898150966,0.06956772089404178,0.19095105178041175,0.9534852356954943,0.979523856933421,0.9713401671767706,0.9900318615104182,0.8274299209058714,0.99039266795793,0.7596203799309961,0.9867390022404555,0.8604356495787501,0.19502788522913805,0.22259141036865362,0.9400735914559881,0.9843862396595359,0.8857197053176044,0.9532775992777003,0.23256951456402544,0.21674585730604284,0.5713432879812841,0.9377755958043114,0.07168034563486099,0.9917141763263775,0.9983676986433935,0.6606254904026753,0.10658941769133888,0.9462857546722017,0.5684543790469984,0.14861707513999733,0.8220652127586305,0.10626783065850273,0.2281509903263422,0.9977424638101252,0.12660739968374005,0.49075537607920405,0.9851638481093754,0.6459074236076554,0.9904228898015356,0.966139803803962,0.40042708083256306,0.2847834243633634,0.8253227746026984,0.09016921136248705,0.8848509150179883,0.11462178420334126,0.9241732305323817,0.19075272994408426,0.20978279497843813,0.523914007324526,0.5747623377828366,0.9307552281610758,0.22386822805322507
Peucedanum cervaria,0.9846115716033499,0.9928929773569013,0.9617940513604868,0.9889691730206618,0.3326570332140793,0.9666986108582561,0.9531551953876072,0.9415883558131072,0.0491067196509116,0.10031864519957939,0.9379273283545065,0.9948510888510492,0.788726270006175,0.18260862445673462,0.23672981137692634,0.9399295766536655,0.004486266236608448,0.5921306022304812,0.0338750404998211,0.8546034997024406,0.03385220036265238,0.968046637470376,0.9978163582111452,0.05369367158176575,0.47395996571881494,0.9291224425645976,0.9546121400437149,0.0074806671517043555,0.6643720198045578,0.8622024162758974,0.021341313538848786,0.024897773141772696,0.04755586685853206,0.7094617633718062,0.9944192854421128,0.020186880718490615,0.7333840306904057,0.9884209498140643,0.02553992880478616,0.6812741096497718,0.10206897762608642,0.0,0.539890782545683,0.024986039570548665,0.05078404251858966,0.09567794130204221,0.05073146722140147,0.9639388023434843,0.9316623111030062,0.9600533254901693,0.018086720995952228,0.03559415126918359,0.21910990004634923,0.13236249977666248,0.5508062187799503,0.10990122781954385,0.5960317495566635,0.05144433166802117,0.0036751525010745145,0.9000727136017271,0.9534672895024442,0.26722711277953315,0.11033653933005008,0.31731377846495484,0.08414523517460766,0.9507222918921697,0.8683675423611854,0.6917329408170854,0.21805402093422785,0.9925380981739672,0.1729156520123676,0.10299136901020195,0.6129184308420611,0.9886680817694693,0.25382734755343384,0.7299548162077821,0.9906314408439463,0.5461540409528384,0.9935555094692644,0.9413808273831383,0.07352539314192127,0.9596396167320039,0.6893940014925259,0.19572910751377814,0.7018369579934044,0.12462333089377119,0.026075752973059075,0.826992502218315,0.9373771747794296,0.5449673570483944,0.9933365668809586,0.3081597990575046,0.9587183317243637,0.0913547001142999,0.9105090779682137,0.9056137848199899,0.8206682687984732,0.7894564524156036,0.016124651690646717,0.9612706930670338
Sanguisorba officinalis,0.61620408229248,0.6098652151636121,0.6729175356989614,0.6163091688928702,0.9606593817853873,0.6145119135143576,0.7296588023289042,0.7216101642338918,0.7300176385318783,0.7896267413431535,0.7067791656580877,0.5964513721242073,0.9225214111752985,0.9031316658744704,0.9193207889541647,0.7004132369054157,0.4438657074930829,0.9853082735405572,0.6368343901072492,0.8734047282515286,0.653338173336406,0.6531815851334983,0.5032154038860427,0.6524795192553183,0.9955177422043359,0.3939160598409341,0.6557948487234022,0.5120620623904459,0.986233688378923,0.8114355273488117,0.6294250253852823,0.6450101537607182,0.6519008670007812,0.9729838752069445,0.6020862131310776,0.5816389485458053,0.9583340854564877,0.4795110731193582,0.5851204437539874,0.9818455193982293,0.766330163277317,0.539890782545683,0.0,0.620607962287752,0.7389116053141238,0.8213891957922103,0.7338740559827535,0.4479107223127328,0.4761161321473245,0.6864648410100278,0.5893301066041102,0.6629880151054937,0.8907345620478797,0.8256144925797222,0.9850376635778846,0.8053515384890172,0.9961576253291778,0.7114317107341949,0.4414313502919379,0.7017014393800535,0.718106497848854,0.9297270274974055,0.8128854509052167,0.9619410258949902,0.7997286897577801,0.727133872070116,0.728153721840444,0.9626421154382052,0.9129522954085982,0.4765229893621642,0.8187657134193045,0.7808895127634873,0.9883895386465463,0.5589092481742624,0.922262342756991,0.9571082028179174,0.607951892544832,0.9896958782561401,0.5355795766810592,0.7289897950732419,0.7280990335618587,0.5999433227700692,0.9314494784963677,0.8615924478280683,0.9756057534155766,0.8189202087697584,0.6390603329221503,0.8755284016264059,0.7587306791685019,0.9884031443957807,0.5064486567345251,0.9595301760786302,0.5787266817368591,0.817129760563111,0.6958706833831032,0.718419370730521,0.8984442768106775,0.9253063934572314,0.5348408083032572,0.7111082473324785
Hypochaeris radicata,0.04179079998534793,0.048282601280259796,0.06265576085161237,0.04453166205189267,0.7903982592789797,0.03627805381701134,0.12073650260059146,0.09013279369539212,0.9532139253636748,0.9573594139960896,0.07662077698343167,0.04432867210400895,0.33287736993862604,0.7121773268016818,0.845888738149431,0.07281461973630372,0.9356779383003635,0.48118152172210943,0.9969101272613825,0.2676517171975232,0.9983728230963755,0.05348368136331667,0.017248388302475808,0.9756537778147082,0.6838316300363697,0.008901025618261026,0.05098310326262134,0.9802028691855595,0.5269881946470365,0.15113280195102455,0.9884750693178188,0.9877398342761187,0.9850288617650491,0.48958779922552353,0.044004105355296606,0.9938178741483749,0.41876391580132394,0.011314400585932418,0.9837582873016051,0.5120904477061982,0.9673800047901657,0.024986039570548665,0.620607962287752,0.0,0.9373554656220167,0.8681717440229785,0.9516737475523843,0.006993879539266912,0.008593833774682428,0.07120535446027125,0.9984667240717906,0.9968754180428815,0.8908428347332068,0.9379235287534884,0.7002678775123071,0.9475594288226629,0.6188306963251201,0.9852756040290507,0.9399652618670286,0.06566910770362125,0.09573104430172075,0.8416372685098266,0.938420703035989,0.765487633877627,0.9075680603803501,0.10392126780901749,0.07768771623185133,0.40415372332401106,0.843640899961916,0.012163010774180241,0.9324230834581619,0.9634197651138275,0.49869512642906555,0.02400619889394566,0.8513805760984652,0.4078829250238777,0.05260125834776998,0.6924617395574444,0.029720776228628468,0.09709608325750375,0.9817811424450762,0.030657686399375113,0.31205582654845493,0.9152224731668236,0.49576467000444935,0.9413639399620445,0.9963052257575428,0.23846051556837553,0.1542048515633615,0.696604678936387,0.021647736561076072,0.7646031248539251,0.024972452616028012,0.8611557370850813,0.06383581324362511,0.07662408173696815,0.3862326857544003,0.4357579744898608,0.9693703957471891,0.10060194919473041
Carex arenaria,0.0812274444966798,0.0896844476359858,0.11592295555280478,0.08508256532385011,0.8830232767319985,0.07323240194236491,0.19387679561823778,0.15764156492233444,0.9987959567099558,0.9777640950307279,0.13882226598038708,0.08305773224794402,0.4540642700630773,0.882013364848109,0.9307163237112354,0.13304914332314857,0.7556258803854942,0.6254701586615341,0.9282117532411117,0.3760705185631284,0.9527677599005108,0.10130458876780134,0.036617531831717516,0.8948961573297524,0.7935195096421893,0.01924299630597346,0.09833708953647056,0.8616119055460737,0.642738406094393,0.2469966279107094,0.9663249636427578,0.9728442570191654,0.9096654049573932,0.6027718646116869,0.08307464238839084,0.8955494219592346,0.5421808420859233,0.025565958151013302,0.8761425561966328,0.6273678567367645,0.9534360028833632,0.05078404251858966,0.7389116053141238,0.9373554656220167,0.0,0.980333210829986,0.9989958049251126,0.01676980168569176,0.020659809136108997,0.12872927096210643,0.9204892660418895,0.9606075002420003,0.939001232731427,0.970264053475112,0.7728057518604343,0.9786578615647824,0.7210578234885819,0.9796600908802927,0.7657806512690967,0.12480998180449966,0.16349356014233007,0.9187730415274192,0.9824691080420821,0.8778610975292681,0.9924538381442426,0.17458592658521807,0.14517865062123006,0.5395090504864671,0.9365793059587655,0.026975533417668028,0.9242160336728047,0.9669161477314874,0.635107281901689,0.05034858702947599,0.9252712079877691,0.5340794557047073,0.09537791608564421,0.7728126693884528,0.057807681047102676,0.16715336028643274,0.9555124946700061,0.06367171565991332,0.45213908739021375,0.9400164934817468,0.6095619940995065,0.9731614465801188,0.9604633498467864,0.3529213200639539,0.23529853851585744,0.7746146222445457,0.04391644437881001,0.8800377262855484,0.0533050442973091,0.9789809126423648,0.12135644774568724,0.1412982616527582,0.48197670881103877,0.5318579341434536,0.8335192587572624,0.167906074695747
Cerastium semidecandrum,0.14209209122346356,0.14918816120382616,0.189528241321932,0.14590377279860642,0.9354253913105612,0.13412622203323316,0.27503840427241805,0.24135225092032903,0.9724219432603295,0.9642184637186839,0.22048161533781635,0.1398627182363201,0.5568201054733777,0.957047665720657,0.9681989232535726,0.2134009462585343,0.6518440692313106,0.7314107345198431,0.8653333213317288,0.4737862718765116,0.8936148458185382,0.1706000353989464,0.07407803379067496,0.8419787313918914,0.8665078529783311,0.04116235925216375,0.168817545888789,0.7633245287832686,0.7308430775713811,0.3499738267185092,0.9008597923405386,0.9125061107845995,0.8543076529837486,0.6915064368429077,0.14094241102466948,0.8174704041632921,0.6407567388871647,0.05764250791562077,0.8027146692247339,0.716065476073284,0.9307305898839492,0.09567794130204221,0.8213891957922103,0.8681717440229785,0.980333210829986,0.0,0.9741016979199898,0.042850847295400896,0.052251813021258496,0.20496752539598448,0.8420937953106503,0.9044596879727329,0.9589758338105,0.9689063884203696,0.8312889831108335,0.9712216710573253,0.7972165050648305,0.9399117155692581,0.6584584750919695,0.2081024738732881,0.24511379611912112,0.9568766098531984,0.9794814539321721,0.93857030609179,0.9962535852865683,0.2575200127452826,0.23601722533057407,0.6466534568835214,0.9749585734496308,0.058960461140368174,0.9183724816324776,0.9491714498594358,0.7355923127585179,0.09854621356194383,0.960293878631747,0.6351082797413476,0.1546108058179549,0.8348415584736736,0.10294486524792763,0.2518718688063501,0.9205918769912526,0.12142649652297385,0.5714627523144991,0.9481404522521129,0.6983256047415368,0.9697793664215443,0.896862645148954,0.45950950189755224,0.3191944333848341,0.8354351556157592,0.08314431186669442,0.941345383204518,0.10622374311992164,0.9997945864510108,0.2027754344495816,0.22755409741419472,0.5637024123404015,0.6124964199361639,0.74947254107533,0.24691435920141527
Luzula campestris,0.08056712509178945,0.08867292057670645,0.11439735317215209,0.08427379191207147,0.8811404818490681,0.07290472358949557,0.19051804525066035,0.1550374929879349,0.9999710834494342,0.9832989881381561,0.13672869493171347,0.08219456563190211,0.4473308537615567,0.8696882791349736,0.9294487045555327,0.13111200016873606,0.7839144937680073,0.6170213501179262,0.9435970839422224,0.37019837361796243,0.9652315867877279,0.10016906017176926,0.036860695780252424,0.9121128331861367,0.7896385601729785,0.019510174950636765,0.09734845685982696,0.8822035874514956,0.6375856168699934,0.24224817559043746,0.9751524203427345,0.9809197302996079,0.926156850803353,0.5976792271419769,0.08224356956469492,0.9142150911819766,0.5356466962243215,0.026088066477544858,0.8961198268458817,0.6221846937463275,0.9632228598652847,0.05073146722140147,0.7338740559827535,0.9516737475523843,0.9989958049251126,0.9741016979199898,0.0,0.017434285726839912,0.021445288037845105,0.1268520321149448,0.9364689640399116,0.9719351899398794,0.9421366223829671,0.9747019098724778,0.77329317239465,0.9829881784393706,0.7178488025156397,0.9875413485693407,0.7933028689966947,0.12321799659655293,0.16073612974067644,0.9185902604578626,0.985182989750543,0.873504631179269,0.9894962377296569,0.17157545498682425,0.14304667060403922,0.5317144082689877,0.9341992198025961,0.027413619368872832,0.933838779133588,0.9745818271814598,0.6275854044589766,0.05047735583537251,0.9254309419131362,0.5272144680365735,0.094176477934961,0.7723843971646608,0.0574708245561177,0.16431186553142924,0.9664369798190288,0.06363595820874544,0.44363933345784384,0.9458497079330562,0.6044417876363993,0.9775833336610583,0.9713554418824493,0.3465382456453749,0.23129591200982755,0.774468174516315,0.043904916902656084,0.8752745585927675,0.05353213838531364,0.9719244909558391,0.11983962018613521,0.13920654528069765,0.47790164658902345,0.5281195061713689,0.8567007549913404,0.16505580112772314
Polygonatum odoratum,0.9459984091708249,0.9356544588044906,0.9116880790263496,0.9437376755588301,0.25413737928306585,0.9419585186646401,0.869123200996236,0.8783736924600261,0.016559654692729516,0.05458363391148308,0.882831106770539,0.9380920919981682,0.6915323258662797,0.10290513805647,0.16582046104115164,0.8868974587088948,0.00045435563330814804,0.495456544904197,0.012128385202341664,0.7574852117404529,0.011269812521566093,0.9240163367696526,0.9718546756206092,0.026395062922905554,0.38590360247551087,0.859448495661771,0.9160605071029683,0.0008571970409331261,0.5669832493872904,0.7845716852097102,0.0045010588795506914,0.0058707380481809734,0.02152191930788316,0.6098577947354257,0.941814474940663,0.00546597422657973,0.6348071536765909,0.992234167300878,0.008618185299262011,0.5831072293659014,0.059238586898150966,0.9639388023434843,0.4479107223127328,0.006993879539266912,0.01676980168569176,0.042850847295400896,0.017434285726839912,0.0,0.9786409816412822,0.9040219646295787,0.004096261921139944,0.011941971198941252,0.1550090778602102,0.079894687166422,0.4612538176515477,0.06131543698479599,0.5023065284475698,0.02038916695033765,0.0002735233112280708,0.853238039486073,0.8841053173694767,0.19519768031787685,0.060413968981503446,0.23635254457223118,0.03696437593457287,0.8778424278615592,0.8134126106474409,0.5949152244044534,0.14753339838773774,0.9818841680586862,0.12059985577412506,0.05831876248784314,0.5168019148833808,0.9735575626196071,0.18325247621100454,0.6319961619434965,0.9242137907099167,0.45660291609543185,0.9359697503016408,0.8746449291169623,0.037438814369255724,0.9444556069011336,0.5935052477126976,0.13688017214432963,0.6026367360254855,0.07341610598947694,0.006877313557803526,0.7365708273105623,0.8447459609745473,0.455617295124515,0.9448087493918568,0.22718035017448174,0.9534124239706527,0.03928115348693078,0.8649896789637583,0.8525326159410204,0.711662606910577,0.6820452235634475,0.0043453795199866,0.8851106584416766
Carlina acaulis,0.9432799081916565,0.9136139416132897,0.9218638904863602,0.9342080832481697,0.2809579108262044,0.9570404804244084,0.8596225682646261,0.8920271748433031,0.020377275374269335,0.06486572293080237,0.9033815771786177,0.9120102165502476,0.7108258792415921,0.12342713686372127,0.18865145049166882,0.9076332123080412,0.0005358559995831937,0.5315992865088637,0.014824927234046185,0.7661707150843698,0.013821289751158176,0.9327988303902112,0.9313527654275991,0.03154270826109045,0.4143177260001253,0.7696120919947894,0.9354337025069994,0.0010179245230611483,0.5874178574913237,0.8163524807024234,0.005514809379466842,0.007213114758492641,0.0259308578148551,0.6257266662787074,0.9206222608660719,0.006709636754362171,0.6552518003893261,0.9609087735819781,0.010537573819358693,0.6021205982818436,0.06956772089404178,0.9316623111030062,0.4761161321473245,0.008593833774682428,0.020659809136108997,0.052251813021258496,0.021445288037845105,0.9786409816412822,0.0,0.9121732400900151,0.0050230965470200555,0.014648096526555071,0.17515152149084817,0.09351989565474624,0.4778644956122337,0.07266898088380697,0.5230814728815862,0.024880406842069578,0.0003141547841955884,0.8957097644423434,0.8873311324325467,0.2190128184315035,0.07185211296634096,0.2646879074142937,0.045050659576721566,0.8798177647881793,0.863671113590771,0.6257094768665024,0.16954339474306931,0.9391044900466963,0.1361224362621017,0.06883493820896161,0.5487170753217944,0.9674162501355884,0.2063293552368961,0.6547576833477079,0.8953054538340678,0.47535777762266074,0.8904851144227661,0.8859435198576097,0.04472039937732364,0.9656815385486206,0.6362885861381983,0.1548457690413941,0.6194069488239635,0.0862919703798538,0.008456859807247643,0.7611522282892024,0.8339209489603607,0.4739209674636474,0.8941122619935731,0.2554518364847886,0.9753641450477194,0.04804772177362016,0.9036073029719363,0.8889368054220916,0.705981609903979,0.6805752172700368,0.0053274494873479655,0.8782926975970581
Gladiolus palustris,0.9922781925195232,0.982168964776075,0.9995843015897988,0.99071698732415,0.477500964577529,0.9899151084641601,0.9869554324774947,0.9979391352702038,0.1239615302733674,0.19527846380925237,0.9972722385378092,0.976893197575139,0.9028910402714788,0.3349485234097654,0.3734590097715266,0.9974467232786862,0.020023728545563908,0.7515424993633012,0.08599406604941381,0.9430614195980923,0.088468546931568,0.9981865962539919,0.9408192954766995,0.11415491209620605,0.6217611713243612,0.8153214152189865,0.9960347017757422,0.030818222309656352,0.7924159298274979,0.9670767370411583,0.06745087299063075,0.0750468742363556,0.10628813452317723,0.8272657954094085,0.982043668706129,0.059164083221338884,0.8564431618477836,0.9305457924770484,0.06767320783478686,0.8060191786911454,0.19095105178041175,0.9600533254901693,0.6864648410100278,0.07120535446027125,0.12872927096210643,0.20496752539598448,0.1268520321149448,0.9040219646295787,0.9121732400900151,0.0,0.05678653548501611,0.09240091204411005,0.34333020016596505,0.23862598921460404,0.6715753393197645,0.20985902555944422,0.7264303469110428,0.12164264793235322,0.018028227476812375,0.9826527246717228,0.9975728224009488,0.40417449332857874,0.2128875133351979,0.4689505011053561,0.18365329570353586,0.9959956785373739,0.9704137293479279,0.8340172062778424,0.3548803374614367,0.9259513848877128,0.27602738355926937,0.19559025683143233,0.7636967737900238,0.9747822782492571,0.38879880397424066,0.8567280834199976,0.9738922870771131,0.671751908079228,0.9434661317406854,0.9973074715870954,0.1509595212547072,0.9834495354034097,0.8467483028938856,0.3108262351193684,0.8216179852431534,0.228844251272829,0.07556147759110694,0.9387181570413443,0.9767554204005207,0.6694965725513826,0.9309456163774114,0.460470147858545,0.9755996704692514,0.1996698772917507,0.9864666330514531,0.9868562817259255,0.8931885809001389,0.8721447139016195,0.04810218704337092,0.9930356448991668
Poa pratensis,0.03152910873016638,0.037721155039612375,0.04916054010080939,0.03406287386924534,0.7617712720157868,0.026485732572589876,0.10314908882353517,0.07347891644269153,0.9383809746830368,0.9407759240436131,0.06104770655316442,0.03440211237108084,0.3043336601663391,0.6755435779954131,0.8190345211844452,0.05767302411680658,0.9487057474844387,0.4473451168934608,0.9936557758104917,0.24209632074850168,0.9937211964663315,0.04122350023970231,0.011935061018229385,0.9699074507399305,0.65320452866769,0.006015303524565744,0.038746921345148046,0.9895028807052905,0.4970282390415389,0.12823013728765456,0.985114111260714,0.982790375073821,0.9798310148305789,0.46049340088718554,0.03396068759808122,0.9955337539927935,0.38895322177509106,0.0072563532432082,0.9841452294376659,0.48238819201069943,0.9534852356954943,0.018086720995952228,0.5893301066041102,0.9984667240717906,0.9204892660418895,0.8420937953106503,0.9364689640399116,0.004096261921139944,0.0050230965470200555,0.05678653548501611,0.0,0.9912497324677363,0.86784459286581,0.9187594153769039,0.6734848359497143,0.9295104629158494,0.5895551903726092,0.974927046717021,0.9545433691027453,0.050559782018270445,0.07914305306495431,0.8151491364776584,0.919141382634027,0.7348653956781284,0.8854271360927987,0.0867269567743523,0.060623612107856245,0.3724286487413672,0.816229754608963,0.007990437898903628,0.9152221915310277,0.9481123876387783,0.46596504344524275,0.016856235465592458,0.825384027577824,0.37771855048183944,0.041796930248517924,0.6649385961649109,0.02236791552509118,0.0799208809302823,0.9707709675404678,0.02177339374938131,0.27988027660086084,0.8947751743935861,0.4664952818747219,0.9225686964680041,0.9927004868209319,0.21173507826890575,0.13490845074810007,0.6692911209119461,0.01568486334506066,0.7337006447509837,0.01722434758351988,0.8345705659955606,0.04912872245991508,0.06033912821228061,0.3614487844879485,0.410070520527467,0.973616043824416,0.08423040347094203
Holcus lanatus,0.05720705033166687,0.06401286693177072,0.08258948926047338,0.06019991443883072,0.8274021784326471,0.05113005628180888,0.1462217530183646,0.11442744868855506,0.9729795839246647,0.9757863830790052,0.09945697770491163,0.059160335138984464,0.3733173844987835,0.7636637616522312,0.880369508857631,0.09505877344148439,0.9075064198279411,0.5286466533353482,0.9942349167673554,0.30405612089872514,0.9996278972679202,0.07171098769272458,0.02560033742437195,0.9731198618587418,0.7246284822061406,0.01355052310419674,0.06922701389229276,0.9625603003101415,0.5680217372322712,0.18408290719094353,0.9915955405356904,0.9929042081873707,0.9828431650409121,0.52959467040768,0.059024189648921636,0.9838552347928656,0.46054027006374787,0.01792483800050125,0.9734352810205807,0.5528533134544512,0.979523856933421,0.03559415126918359,0.6629880151054937,0.9968754180428815,0.9606075002420003,0.9044596879727329,0.9719351899398794,0.011941971198941252,0.014648096526555071,0.09240091204411005,0.9912497324677363,0.0,0.9178691303068262,0.9598659505682123,0.7335328214780377,0.9684280247242317,0.6577128460381206,0.9956801277046206,0.9116707002587594,0.08796421746347687,0.1198936750323297,0.8749876340549674,0.9617813473421476,0.8063601814260708,0.9376826898922778,0.1289150056168103,0.1026916060242569,0.4488921870826154,0.8794558652270753,0.018893094665915915,0.9478537593752249,0.9788133239643813,0.544373424817289,0.035088505876311515,0.8839292313646442,0.45027392612318484,0.06862728881208643,0.7272817494449456,0.04088089489171887,0.12209954142173932,0.9901778203733658,0.04427830314188122,0.35773390881224676,0.9373506694843939,0.5359910195632288,0.9629353045846719,0.997985322007771,0.2766366063099396,0.18202565884717808,0.730969376151655,0.030850754761080953,0.8060311974141742,0.03701176140520986,0.8984128403788242,0.08556227083357021,0.10050313487181886,0.4204682973896203,0.47083865613238585,0.9526791122473948,0.12442333470361613
Angelica sylvestris,0.2782265178676286,0.2778351054233696,0.3293171519331984,0.27969776873892155,0.9796992306308681,0.27516524298757283,0.40016023272335705,0.3790951827191208,0.9403022877585447,0.9796505334796488,0.3619952759109162,0.2668824411400877,0.6590517222206261,0.929806211781748,0.9933472030063444,0.35539782010754567,0.7423338200306785,0.8045004351924296,0.9032620786413657,0.5840515005365645,0.9125842277605912,0.3104688160265752,0.1920250884241263,0.9084710806381222,0.9290443855844666,0.12943781261367468,0.31187507488905036,0.8027260162900051,0.8164534644141404,0.48167886526465764,0.88755795567847,0.8983953133941966,0.9109072361258455,0.7823252489185809,0.2701327099312566,0.8642318955847844,0.7338132087248577,0.17442467852937657,0.8659785815750614,0.8036040173456218,0.9713401671767706,0.21910990004634923,0.8907345620478797,0.8908428347332068,0.939001232731427,0.9589758338105,0.9421366223829671,0.1550090778602102,0.17515152149084817,0.34333020016596505,0.86784459286581,0.9178691303068262,0.0,0.9906755321106653,0.920669206803716,0.9841008992324279,0.8792200477986079,0.9440890854837658,0.7380744690267386,0.3562703458725519,0.37870757802954896,0.9940807118309134,0.9842496333106721,0.9704095382607528,0.963512680787975,0.3894897370646585,0.3844397317757882,0.7359135980312294,0.9905963163858592,0.1730782698761394,0.9828180831217083,0.9775781897609526,0.8117754112095218,0.23063992274407305,0.9958607039620956,0.7281452587310647,0.2796692420938769,0.9199948034320852,0.2206118322430949,0.3878969739102333,0.9551114786002441,0.2629615349280216,0.6699541040780526,0.9970293207962247,0.7882747636908064,0.9886975488877351,0.8996863871861939,0.5747280128845966,0.43892691573799386,0.9215277855523054,0.19769855950950968,0.9697746381102731,0.24601177153791765,0.9536802922034697,0.3502145453538239,0.3731468967800744,0.6649331695131674,0.7121680574924915,0.8260236607335657,0.37608665511795775
Agrostis capillaris,0.18013429065113895,0.18337048739308945,0.22506742431465504,0.18256583668608894,0.9465112827002529,0.17520226548542123,0.29884415242079804,0.2718923764515007,0.9736519499399684,0.9977566120272603,0.2542165549939606,0.17415131735843506,0.5615858970129615,0.9044783854331062,0.97636434985719,0.2479218957616525,0.795552854378713,0.7216665307112244,0.9450920129959366,0.48395646258406716,0.9552981347501958,0.20779112169801273,0.11041436284668453,0.9401641228305665,0.8740004599301597,0.06814379764798911,0.20762793720508665,0.8602269187197148,0.7386906997191116,0.3702305265347077,0.937292606213864,0.9459275198743263,0.9457319614691365,0.7008448701921345,0.1760523745206594,0.9122385181225214,0.6442592332625648,0.09512792474884718,0.9092684649688166,0.7242387097337886,0.9900318615104182,0.13236249977666248,0.8256144925797222,0.9379235287534884,0.970264053475112,0.9689063884203696,0.9747019098724778,0.079894687166422,0.09351989565474624,0.23862598921460404,0.9187594153769039,0.9598659505682123,0.9906755321106653,0.0,0.8656778246077861,0.9990312079491029,0.8128800580951038,0.9789815674192478,0.7940908069180888,0.24590381999705296,0.27379874623956224,0.9732237059684244,0.9981279309277636,0.9354708482621327,0.9807331373373891,0.28472178018718336,0.2716005752715578,0.6437856756922824,0.9756448885866014,0.0950972883132671,0.9853080134924057,0.9956698232338471,0.7306716264062838,0.13888558636072776,0.9776218126733549,0.6371721520669602,0.186882407872236,0.8639096741880298,0.13651164356486775,0.2809520834330283,0.9822506679748018,0.16401359728015674,0.5677292146123669,0.9938169186122476,0.7073423311576387,0.9998953147765683,0.9466898726119797,0.4688658991175084,0.33897143429892823,0.8660386790595969,0.11716984231521395,0.9355493428281604,0.14953239502356597,0.9640015692131745,0.2406805811480542,0.26250645606381456,0.5794709188227513,0.6296464775337497,0.872482125481235,0.2739021794866974
Lotus corniculatus,0.6113701270655274,0.6125146901009964,0.6584848622208237,0.6137981469629155,0.9651294971567227,0.604243684548993,0.7200931406651995,0.7015470543999358,0.7702193195411248,0.8361355181111676,0.685313559627591,0.6015699543203933,0.8942421690312062,0.8775997380961983,0.9309815582641322,0.6794948742425237,0.5568436405117281,0.9486125414852152,0.7196594073399604,0.8513114625886626,0.7273121014273668,0.641083344115988,0.5189858258379743,0.7419740798363659,0.9872499980498951,0.4331971278324052,0.6398768473389068,0.6058754919470618,0.97103952674703,0.7759866068176713,0.6945775842554133,0.7077883407790221,0.7385569530381255,0.9590280401113455,0.6049142164114903,0.6738656183143158,0.9337719250118394,0.49369245199180606,0.6824101281328264,0.9667173697738264,0.8274299209058714,0.5508062187799503,0.9850376635778846,0.7002678775123071,0.7728057518604343,0.8312889831108335,0.77329317239465,0.4612538176515477,0.4778644956122337,0.6715753393197645,0.6734848359497143,0.7335328214780377,0.920669206803716,0.8656778246077861,0.0,0.8469500884826298,0.9915216526092786,0.7703173503836351,0.5499901742821685,0.672757472319645,0.7027868615690196,0.9440601519005016,0.8490607267349598,0.9564525836837684,0.8216575596435662,0.7118000887033871,0.6930409566906525,0.9275315688847808,0.9216028744219414,0.4942614075025738,0.8767348555217095,0.8344275397377444,0.9577408119814991,0.5601859941997253,0.9386300721864458,0.9296641028082441,0.6136370267844337,0.9995248710685939,0.5519254090652775,0.7093337487811456,0.794767420653256,0.5894244179625587,0.8834153438023509,0.9033044591510566,0.9612920892847083,0.8595450167315786,0.7091496735755896,0.8414777588169516,0.7494236608278679,0.9997412174700541,0.5260065665766197,0.9528046438792497,0.5702909031152226,0.8252891905674508,0.6689916261634125,0.6897736342374821,0.8972734567816807,0.9247564708256385,0.6408502764145767,0.7009236497174334
Equisetum palustre,0.15378534257407056,0.1582272419563484,0.19647986496266942,0.15654326451131034,0.9342525099152225,0.14816903433464895,0.2710896565930132,0.242154493772584,0.9821780937923099,0.9994212107786107,0.22428180100768205,0.14959979887924343,0.5336982308430804,0.8966680770801225,0.9687460644301148,0.21810687843409834,0.8037907343928582,0.6970921001071702,0.9521482119822945,0.45574530749163195,0.9637561294473986,0.17978761280766442,0.08968116737476087,0.9424536738158441,0.8561565415868121,0.05359475143377898,0.17903349253065953,0.8727145860877412,0.7154142849870706,0.33853090808220204,0.9498923587037793,0.9578412837385423,0.9495417629764166,0.6767678027873039,0.15106010888532537,0.9207740596345118,0.6182627156902906,0.07520570493397553,0.9152704120955059,0.7006080862665248,0.99039266795793,0.10990122781954385,0.8053515384890172,0.9475594288226629,0.9786578615647824,0.9712216710573253,0.9829881784393706,0.06131543698479599,0.07266898088380697,0.20985902555944422,0.9295104629158494,0.9684280247242317,0.9841008992324279,0.9990312079491029,0.8469500884826298,0.0,0.7920887900450828,0.9859474089995307,0.8040739909356124,0.21488375008888466,0.2448894442209007,0.9641302948963669,0.9992594624850631,0.9232937357044224,0.9846817982637157,0.255833573002218,0.2395177119340017,0.6169380097344517,0.9689496375539872,0.07558579317330477,0.9802047615926404,0.9965912557352334,0.7065759758938821,0.11476255481511914,0.9692195212507295,0.610786942862478,0.16225971458170932,0.8451147339519008,0.11482522798732277,0.2512913267340755,0.985237978040938,0.13731727767322482,0.5378797296017306,0.988263529947479,0.6833780551662371,0.999562689405254,0.9574571293112756,0.4387143107741408,0.3115188274293622,0.8473300240824235,0.09669719154710897,0.9236684281082451,0.12369812151067257,0.9666502890375486,0.21001106958781085,0.23140960133519453,0.5550217544450293,0.6056542093990595,0.8787766135086761,0.24593502019422625
Carex flacca,0.6631516832583647,0.6612265212421019,0.713391915442295,0.6646969227709382,0.9478670852243959,0.6577621437891744,0.7707903180935108,0.7574800158312298,0.7142304830142835,0.7776395349821892,0.7421057183593031,0.6492922554543977,0.937501050388084,0.8729224529207568,0.9028740013245883,0.73621767195971,0.45774971388597524,0.979880466975154,0.636130989399164,0.8975781431106277,0.6493234001870003,0.6953515012783598,0.5616567933029253,0.6547297649400645,0.9886224935549004,0.4622527837814944,0.6953664078031252,0.5174586235433297,0.9928235534762317,0.8334913880383205,0.6225539686871937,0.6371332125794331,0.6528577866811794,0.9841872612175142,0.6536456580510194,0.5848049531553215,0.9686992102978357,0.53613565161914,0.5901116819516006,0.9900095762756013,0.7596203799309961,0.5960317495566635,0.9961576253291778,0.6188306963251201,0.7210578234885819,0.7972165050648305,0.7178488025156397,0.5023065284475698,0.5230814728815862,0.7264303469110428,0.5895551903726092,0.6577128460381206,0.8792200477986079,0.8128800580951038,0.9915216526092786,0.7920887900450828,0.0,0.7021321510397001,0.4540398136967844,0.7316857845463869,0.7569008809516927,0.9159415995098741,0.7977965249092855,0.9451503772682204,0.778893452609223,0.7655548417626082,0.7531792529333072,0.9662867510160003,0.8944879045347098,0.535430532125048,0.8145184482049977,0.7714929623254867,0.9861797552024286,0.6092086916158942,0.9083233757828609,0.9663365924649218,0.6608419546406624,0.9940696722409641,0.5945810855638022,0.7648661321424784,0.7222601931610406,0.6427370474340165,0.932366342164706,0.852780024589236,0.985961918715117,0.8060049533098579,0.633747210832468,0.8932938899813216,0.7981285164061497,0.9931832318728786,0.5670550855584209,0.9417977471077263,0.6225154918899892,0.7922638222429953,0.7274434426782114,0.7485090273784872,0.9265156184213484,0.9497454659715379,0.5437075376661874,0.7528948111485536
Vicia cracca,0.07940180890075052,0.08625000820915857,0.11039576053858195,0.08259007431282742,0.8669735020551333,0.07288226067554159,0.1798230026813024,0.1473477072890972,0.9879705820208893,0.9902944530477529,0.13085125814473406,0.08025240106377315,0.4228902647917373,0.819437502835119,0.9158250521768846,0.1257689463273748,0.8681936259365653,0.584779592713771,0.9833400891211094,0.349427222668069,0.9931569095695683,0.0974715661347333,0.03849038133223136,0.9627756358971331,0.7703481371198795,0.020976499925575508,0.09517914375611652,0.9346142471633235,0.6160709209441858,0.22707040049171504,0.9868876358759117,0.9905963530676044,0.9727757188881366,0.5768426777007495,0.08043352870084103,0.9645284775656224,0.5107181269834532,0.028611932938461128,0.9538238791298537,0.6007522925395298,0.9867390022404555,0.05144433166802117,0.7114317107341949,0.9852756040290507,0.9796600908802927,0.9399117155692581,0.9875413485693407,0.02038916695033765,0.024880406842069578,0.12164264793235322,0.974927046717021,0.9956801277046206,0.9440890854837658,0.9789815674192478,0.7703173503836351,0.9859474089995307,0.7021321510397001,0.0,0.8723029259160452,0.1191354082886212,0.1524130685607821,0.9093912511842618,0.9822355452170172,0.8506106299112342,0.9655748068470056,0.16232993569628051,0.13719756275889305,0.5028018884296154,0.9163193737201588,0.029643180946331293,0.9597749861831141,0.9898230867425342,0.5982143724720458,0.05185688927079839,0.9172124682442405,0.5013211516845323,0.09106492854807083,0.7660003331487062,0.05719445622494569,0.15576595532769288,0.9926206949927332,0.06456666058864442,0.41399663062154374,0.9574508940249863,0.5834334765985665,0.9815032525130128,0.9917980737597956,0.3247002194214554,0.2180338711126433,0.7690985960402569,0.04467517798767717,0.8508789322761087,0.055296326437714795,0.9349181899966128,0.11599147768221547,0.13342277134816558,0.46172839216892547,0.5126473920573148,0.9258537200826141,0.15629022077321283
Hypericum perforatum,0.007671099570424587,0.011081715448873207,0.014375014062672215,0.008925450720030679,0.6115219686548161,0.00537766659571469,0.04650215207619797,0.02588633114000864,0.796318862001675,0.8223481485404788,0.019094342838733333,0.009813226867144283,0.1887026498213876,0.4689603109372788,0.6666899150843102,0.017514748785297907,0.9969383989146536,0.29675021461654644,0.9398883159461756,0.14320689747822377,0.9215136352812223,0.011047660024057267,0.001948952816414497,0.9261684999288176,0.503940397569295,0.0009285864615282623,0.009589834204792272,0.9819993360693628,0.36240199516718347,0.05420283571588094,0.893681401477821,0.8856148702697043,0.9315731246590068,0.33213911766563886,0.009388458403998217,0.9664496154838365,0.2614542949456334,0.00079432225210053,0.962184703237694,0.34986723883493803,0.8604356495787501,0.0036751525010745145,0.4414313502919379,0.9399652618670286,0.7657806512690967,0.6584584750919695,0.7933028689966947,0.0002735233112280708,0.0003141547841955884,0.018028227476812375,0.9545433691027453,0.9116707002587594,0.7380744690267386,0.7940908069180888,0.5499901742821685,0.8040739909356124,0.4540398136967844,0.8723029259160452,0.0,0.013053607076952361,0.030107099137304645,0.6697900449652878,0.7844825120327829,0.5721263777809921,0.7191060051668653,0.03458414621959285,0.016595662119007325,0.2380072862553796,0.6573645387744291,0.0010035328017483308,0.8219769392527119,0.8422299727029311,0.3192244487913767,0.002866153593888428,0.68115473830309,0.2495020897919133,0.013412452475705779,0.5367054643824062,0.005579665009551766,0.029576677116602643,0.8853482656594807,0.0038192285548537463,0.1538513801325632,0.7794409369338848,0.33697296948009847,0.7977298014697438,0.9125043123703568,0.11282584259061543,0.06840266705740697,0.542268388859758,0.0032594126466355872,0.5685230260896651,0.0025978777315701007,0.6465186021391598,0.012710729163023774,0.017547038121536195,0.25728755395504455,0.3000883713693614,0.9763135920598908,0.03433894561533523
Trifolium montanum,0.962237142318336,0.932573861357392,0.9838705445634013,0.9539846463845276,0.495698947269763,0.9765961834437065,0.9513808384256749,0.9872175522634431,0.12007498615414475,0.1992020447469642,0.9931147792691086,0.9230397967762075,0.9029101316359615,0.35157854595516946,0.3893407867226644,0.9932348261987829,0.015159054706202274,0.7751169662903756,0.0820708912927222,0.9296379484368302,0.08396704060095524,0.9804529108577872,0.8730740045532481,0.11343927913882856,0.6386306215114572,0.6981431810792227,0.9886416733182936,0.024438478948904538,0.7959833366426684,0.9784219510150287,0.06031417600704003,0.0683037844175584,0.10461737484481566,0.8245760687833914,0.9333183310949024,0.053821513874414785,0.8587987234787492,0.8716217078393268,0.06348344789147674,0.8075854159574376,0.19502788522913805,0.9000727136017271,0.7017014393800535,0.06566910770362125,0.12480998180449966,0.2081024738732881,0.12321799659655293,0.853238039486073,0.8957097644423434,0.9826527246717228,0.050559782018270445,0.08796421746347687,0.3562703458725519,0.24590381999705296,0.672757472319645,0.21488375008888466,0.7316857845463869,0.1191354082886212,0.013053607076952361,0.0,0.9758246313921602,0.42036816267587973,0.2180124665874934,0.4895163369464398,0.18509671789780657,0.9730610670708547,0.997198371927308,0.8492352621964697,0.37037097974241495,0.8565370917721806,0.28468814277443916,0.19979383670246625,0.7818482117314812,0.9398753911334689,0.4044422991134649,0.8618661702577317,0.9169005461361984,0.6755945726252807,0.8695398147170121,0.9843239894472865,0.15192821816520033,0.9749442434856753,0.875566000897782,0.32174293433232193,0.8201395725736134,0.23539525718130658,0.0695255475528566,0.9438519704342015,0.9397040529949082,0.6728252981982277,0.8523720597651074,0.48124484322951216,0.9664823722480571,0.20208050566523916,0.999690572994278,0.9991109930278589,0.8625880020413519,0.8470677986486613,0.04327049840507686,0.9603450763984508
Thymus praecox,0.9849095650145583,0.980587406493268,0.9951672245937468,0.9853858350911718,0.5134366058060121,0.9781627886747253,0.9949806549296929,0.9980644232327984,0.15759844136396522,0.2294622644251417,0.9943040520863375,0.9752799139638958,0.9236936187273023,0.3789952609720422,0.41099455109432254,0.9937478289984689,0.032356988603076745,0.7804049402894832,0.11125215556312802,0.9608426802508971,0.11519966055915376,0.9919376247709859,0.9326097460720437,0.13955305924152125,0.6550138340040342,0.8208321997986243,0.9877841460032352,0.04765852927188959,0.8207098830256171,0.9738178332600382,0.09339470337353854,0.10212163827164265,0.13195000117022895,0.8543831230005986,0.9791212620670339,0.08077216621766344,0.8811174991672585,0.9161483667402288,0.08936757621179764,0.8338387779910365,0.22259141036865362,0.9534672895024442,0.718106497848854,0.09573104430172075,0.16349356014233007,0.24511379611912112,0.16073612974067644,0.8841053173694767,0.8873311324325467,0.9975728224009488,0.07914305306495431,0.1198936750323297,0.37870757802954896,0.27379874623956224,0.7027868615690196,0.2448894442209007,0.7569008809516927,0.1524130685607821,0.030107099137304645,0.9758246313921602,0.0,0.4406166914835916,0.24882109942876712,0.5062990986015528,0.22172772858517292,0.9998014623890678,0.9658743632234571,0.858589408708863,0.39329072651258906,0.9150072159682497,0.307661988054081,0.22857319096221942,0.792315241685251,0.9620316127899324,0.4252991313440004,0.8809996743460008,0.9751795977651943,0.703115764969863,0.9428277252067002,0.9988031594865291,0.18127461478016157,0.9690747237427083,0.8677579839086478,0.34483937935160663,0.8489218881008572,0.2639829387513708,0.10176208035973007,0.9535786366090216,0.9887030281641658,0.7008505519535962,0.9283792787605686,0.49821580935281845,0.959031556265549,0.24005312548512997,0.9794444341133505,0.982585839032849,0.9184514669987304,0.8986326503449095,0.06653085775502872,0.9978945639994254
Pimpinella saxifraga,0.33375220590063764,0.33162909779690286,0.38950753218386636,0.3348244945138587,0.9952178331565211,0.3314373635597905,0.4605561825129483,0.4422392359449016,0.9161408847670777,0.9561787556880524,0.4249577226177334,0.3194908286297479,0.7205502947472106,0.9554086021971888,0.9989687356706244,0.4180081247048092,0.6723820767507929,0.8592163859953903,0.8537025589608263,0.6462398062461128,0.8676379624076851,0.36928178784145177,0.23674931002751765,0.8582050501317843,0.9602640546802123,0.1625755826693944,0.37148809590762594,0.7427744571533612,0.8632651306958103,0.5497804511089476,0.8457517877570344,0.8584343388164645,0.8612352648588547,0.8313736247029431,0.3234903782761415,0.8078134920360597,0.7900229907328568,0.21734719847190606,0.8080769831271359,0.8514577317751073,0.9400735914559881,0.26722711277953315,0.9297270274974055,0.8416372685098266,0.9187730415274192,0.9568766098531984,0.9185902604578626,0.19519768031787685,0.2190128184315035,0.40417449332857874,0.8151491364776584,0.8749876340549674,0.9940807118309134,0.9732237059684244,0.9440601519005016,0.9641302948963669,0.9159415995098741,0.9093912511842618,0.6697900449652878,0.42036816267587973,0.4406166914835916,0.0,0.9674060227503429,0.9908816816955305,0.9531949466170044,0.4515830686188885,0.45071257647951973,0.7954366991261895,0.9968684721598784,0.2153861997285773,0.958711874552147,0.9504399582983752,0.8641371543590177,0.28144679487276014,0.999795444467161,0.7856966111148079,0.33270706773035513,0.9457574110201935,0.2675833569640428,0.45113404823872655,0.9183675188723295,0.3182876395989807,0.7367170342089852,0.9830922450262344,0.8370173163833681,0.9703686868466279,0.8557976543148192,0.6411263320705978,0.4991749071230058,0.9464190710870601,0.24217995656681224,0.9904646519990119,0.29953304897150035,0.9523830933561753,0.4136965327443262,0.4379202475972908,0.7153612755499852,0.7600261317161631,0.7623466597109596,0.43646087255370786
Rubus caesius,0.1552780093102969,0.15996019762377417,0.19913427465314013,0.15815325329602192,0.9390738224969848,0.1494063365025582,0.27552799688128327,0.2460411586760421,0.9842288317301513,0.9975875138642727,0.2276944558300748,0.15112018266124605,0.5421509994640046,0.9102125940935294,0.973054137803076,0.2213478665317388,0.7828123587033806,0.7075898584064217,0.9416184651711077,0.46313088652128903,0.9560861903778438,0.18197342064791674,0.08960869922365285,0.9292401060708144,0.8627064007493851,0.053116879067175646,0.18115836143022995,0.8590718435645688,0.7228134085868928,0.3448891567136367,0.9457478435972512,0.9542661058206711,0.9373604410649805,0.6839921329869533,0.15258740548130018,0.9075971844673705,0.6267354835502408,0.0746744743520402,0.9002657429823138,0.7079933727968702,0.9843862396595359,0.11033653933005008,0.8128854509052167,0.938420703035989,0.9824691080420821,0.9794814539321721,0.985182989750543,0.060413968981503446,0.07185211296634096,0.2128875133351979,0.919141382634027,0.9617813473421476,0.9842496333106721,0.9981279309277636,0.8490607267349598,0.9992594624850631,0.7977965249092855,0.9822355452170172,0.7844825120327829,0.2180124665874934,0.24882109942876712,0.9674060227503429,0.0,0.9303980260361413,0.9902465725883911,0.26002132319548693,0.24338179664117335,0.6266408593749512,0.9742690326708684,0.07514399285992164,0.9738311955554215,0.9927015409495102,0.7162273852768442,0.11514906785498692,0.9721841161139101,0.6195647751961629,0.1641469430757634,0.8481766377625266,0.11553177382442119,0.25540478854978127,0.9783750266505405,0.13820715163657762,0.5481894195025643,0.9857795370535914,0.6906496850316248,0.998696076466437,0.9514255541522806,0.44668993358921644,0.3166443481700236,0.8501076518748923,0.09693007192821788,0.9311379655647936,0.12419006023392092,0.9755282967835597,0.21299914428045566,0.2350240493384805,0.5608337347344766,0.6112887496705521,0.8609772203878535,0.24985706140294064
Dactylorhiza incarnata,0.39249663986596844,0.38815126033302466,0.4536310754386141,0.3930219813517555,0.9979698318145012,0.39127010860765743,0.5240040396675121,0.5095718276106636,0.8703006753874993,0.9110795192668153,0.49232168250182123,0.37465112104035714,0.7828092615151522,0.9723711959868189,0.9895665860110342,0.4850004055375587,0.5729780267696553,0.9121838509719281,0.7773193659542298,0.7099854213045547,0.7965670028363099,0.43186826302272757,0.2829339451745945,0.7816240600280854,0.9825951479734727,0.19556504913917613,0.43515592847765905,0.6541309098779986,0.9055557759079698,0.6225519616388872,0.7783888939384956,0.7932850979419579,0.7850958571009707,0.8766606677836865,0.3795521258442906,0.7233666969896967,0.8448793244774497,0.2615356560469245,0.7222375882791509,0.8951286945084119,0.8857197053176044,0.31731377846495484,0.9619410258949902,0.765487633877627,0.8778610975292681,0.93857030609179,0.873504631179269,0.23635254457223118,0.2646879074142937,0.4689505011053561,0.7348653956781284,0.8063601814260708,0.9704095382607528,0.9354708482621327,0.9564525836837684,0.9232937357044224,0.9451503772682204,0.8506106299112342,0.5721263777809921,0.4895163369464398,0.5062990986015528,0.9908816816955305,0.9303980260361413,0.0,0.9244864917393351,0.5173653986113741,0.5224798152444153,0.8547830453188652,0.9883607084699036,0.2588097342557232,0.913265320009254,0.9009537228235553,0.9138547315805219,0.33481668324618674,0.9882342437565276,0.842362483697592,0.38827030012676955,0.9610915850731437,0.31627289840286443,0.5184624071331034,0.85734658752613,0.37712088179539416,0.806326705719291,0.9497031483814287,0.8818864025134695,0.9315422405699589,0.7859130507133119,0.7106035165880558,0.5619771092515053,0.9606659627845198,0.2880369487386292,0.9999079306513585,0.3563040892391457,0.9351706130486095,0.4820690905451993,0.5076630960894948,0.7632927958324477,0.804280462014363,0.6699725618195254,0.5001726840882691
Aira praecox,0.1258308212755783,0.1330008202651819,0.16918479916318335,0.1295315033302713,0.9259800525415977,0.11813858646646676,0.25142193028378745,0.21749729309333574,0.9883829839760919,0.9804710792936194,0.19754440586617553,0.12450741734084958,0.5259708533146148,0.9316061659679732,0.9637558334006874,0.19093214647393647,0.7121872908292833,0.6992768097724075,0.9039153651531071,0.44457387881433286,0.9286545518145342,0.15171253932436288,0.06476527827993064,0.8793039542036575,0.8489199330296509,0.0358995444403749,0.14973055546438102,0.8158976159928473,0.7068591118585049,0.3194185214920227,0.9344229794009347,0.9440079685938202,0.8917263947459786,0.6671246948249434,0.12533271268314103,0.8630102325257437,0.6118785211384868,0.050021410884057586,0.8480633776728322,0.6917819454978142,0.9532775992777003,0.08414523517460766,0.7997286897577801,0.9075680603803501,0.9924538381442426,0.9962535852865683,0.9894962377296569,0.03696437593457287,0.045050659576721566,0.18365329570353586,0.8854271360927987,0.9376826898922778,0.963512680787975,0.9807331373373891,0.8216575596435662,0.9846817982637157,0.778893452609223,0.9655748068470056,0.7191060051668653,0.18509671789780657,0.22172772858517292,0.9531949466170044,0.9902465725883911,0.9244864917393351,0.0,0.23361188049722076,0.21055290432262186,0.614200733904544,0.9692719656962793,0.051273291994469665,0.9359507415702941,0.9684786733813228,0.7059090736877109,0.08631537386787082,0.9578232752774642,0.6051841183114419,0.13834632549840878,0.8233745528186376,0.09109351587993064,0.2275818032305209,0.9475626308182074,0.10652542408636492,0.5343327638696298,0.9584564013125745,0.6739578558994823,0.9821687825711017,0.9317457300536732,0.42719551503817926,0.2945171911828873,0.8245775997112804,0.07312680778352759,0.9267307941242482,0.09283972568856068,0.9949668394503711,0.18033432912527028,0.2033698544476689,0.5413361371083547,0.5911053428314067,0.80037314454521,0.22418559509310798
Cirsium tuberosum,0.981948230342057,0.9792324594695343,0.9930334440913288,0.9829845384269134,0.524114836887393,0.9740184890230129,0.9964022267494813,0.9972179312426711,0.16837477096271825,0.2401913801571971,0.9925888964483635,0.9739163245825271,0.9290660022311066,0.3920836673659597,0.4223216801198561,0.9918273522983706,0.0368812487670153,0.7883909036284188,0.1195896573917884,0.9652455014952559,0.12399872464081274,0.9892927962448178,0.9294262149952995,0.14780791045834754,0.6646433797447793,0.8215314632974177,0.9845973090867507,0.0536412894126536,0.828568101520581,0.9749149650818498,0.1020741373453141,0.11111137508586645,0.1403206920867694,0.8618310442529309,0.9773895593703842,0.08808307369674657,0.8877460854538496,0.9113066150316597,0.09664247882207631,0.8415316010231422,0.23256951456402544,0.9507222918921697,0.727133872070116,0.10392126780901749,0.17458592658521807,0.2575200127452826,0.17157545498682425,0.8778424278615592,0.8798177647881793,0.9959956785373739,0.0867269567743523,0.1289150056168103,0.3894897370646585,0.28472178018718336,0.7118000887033871,0.255833573002218,0.7655548417626082,0.16232993569628051,0.03458414621959285,0.9730610670708547,0.9998014623890678,0.4515830686188885,0.26002132319548693,0.5173653986113741,0.23361188049722076,0.0,0.963759761963215,0.865180346035989,0.40489406479618173,0.911088747124977,0.31746715790517216,0.2389444015356533,0.8002480321473046,0.957611718579487,0.4363115974647159,0.8874967259866663,0.9746392069244988,0.712163407449926,0.9417474276125427,0.9983461494494764,0.1909529814003711,0.9642326243007812,0.8731856617147257,0.3552864740841741,0.8564349705250541,0.2749167296273817,0.110467813084202,0.9571029883718236,0.991292394106207,0.709902212873282,0.9267597590027896,0.5094048579997555,0.9536103299153689,0.25253645863652613,0.9766214252164064,0.9805265354764915,0.9252257364208913,0.9058276684453878,0.07285210579075695,0.9983904077034584
Gymnadenia conopsea,0.9410519465237573,0.9088253281752509,0.9705875290537188,0.9319989363932432,0.5264879515126248,0.9578872815102993,0.9405359833995377,0.9796104577007289,0.13959166832630013,0.22272185693206972,0.9854402239237937,0.8976651547634202,0.9155053858543303,0.3889017665592037,0.4204508566654551,0.9849236741864894,0.019039097122112186,0.8031462748580801,0.09550942459408965,0.934719865605545,0.0981206092256815,0.9648557886281376,0.8371816586130046,0.12862326800473528,0.6668879633899177,0.6552791412958872,0.9752288519482715,0.030388362958430677,0.8153174266091403,0.9846893540908523,0.07239068055432,0.08144217889476717,0.1195066922403863,0.8405748258995932,0.9088098683251283,0.06392164749123543,0.8751139844223457,0.8337253620438249,0.0743365039396961,0.8257826561119009,0.21674585730604284,0.8683675423611854,0.728153721840444,0.07768771623185133,0.14517865062123006,0.23601722533057407,0.14304667060403922,0.8134126106474409,0.863671113590771,0.9704137293479279,0.060623612107856245,0.1026916060242569,0.3844397317757882,0.2716005752715578,0.6930409566906525,0.2395177119340017,0.7531792529333072,0.13719756275889305,0.016595662119007325,0.997198371927308,0.9658743632234571,0.45071257647951973,0.24338179664117335,0.5224798152444153,0.21055290432262186,0.963759761963215,0.0,0.8706816519382264,0.4020470426658866,0.817779072368511,0.3083227117025021,0.22254377030889327,0.8074143680248344,0.9122303479076801,0.43460634195997905,0.8790125403575118,0.8926556595665478,0.6970771263069817,0.8374564916516528,0.9769721789919401,0.1713120772037999,0.9556908072800417,0.8999455186030999,0.34804777003254983,0.8367538135794531,0.26076057765582994,0.08244269938061186,0.9540402144867095,0.9312697307708132,0.6940872833517533,0.8170688006172818,0.5146293840050339,0.9450020524832611,0.229882455133082,0.9951515989249965,0.9965861285902936,0.8662316632493049,0.8537250053965979,0.05151582858670487,0.9481435290166562
Platanthera bifolia,0.7700043685806965,0.7595478736365425,0.8227775237233701,0.7688567878787346,0.8498548537366358,0.7701207020643895,0.8616137103738947,0.8639499563172757,0.5271882401705731,0.5970493386057398,0.8528662424614424,0.7461753644834085,0.9886143707543067,0.7819916161853758,0.77876151795845,0.8475651125442982,0.24025809621139024,0.9904215403678183,0.42224796606684467,0.9619512434196554,0.438613714658595,0.8052405815298103,0.6535585669939682,0.4452095717838641,0.9329112990434171,0.5240202201755826,0.8085988200281748,0.2993161003162177,0.9884708896083225,0.9331312618399057,0.41463389799032874,0.43083068916993306,0.44183293941708424,0.9898420940353385,0.7529190616248215,0.3656751126822653,0.9963817721770288,0.6298305829249063,0.3715061835554207,0.9898456724649569,0.5713432879812841,0.6917329408170854,0.9626421154382052,0.40415372332401106,0.5395090504864671,0.6466534568835214,0.5317144082689877,0.5949152244044534,0.6257094768665024,0.8340172062778424,0.3724286487413672,0.4488921870826154,0.7359135980312294,0.6437856756922824,0.9275315688847808,0.6169380097344517,0.9662867510160003,0.5028018884296154,0.2380072862553796,0.8492352621964697,0.858589408708863,0.7954366991261895,0.6266408593749512,0.8547830453188652,0.614200733904544,0.865180346035989,0.8706816519382264,0.0,0.7695443843215447,0.6255272501763084,0.6443306874578897,0.5872990386763624,0.9917722025737837,0.7144091254172465,0.783295561376303,0.9976783871838305,0.7548897673783944,0.9339649411526152,0.6829835894057874,0.8693069741929172,0.5243767101823354,0.7562471059885921,0.9926115949492706,0.6963592037977671,0.9900621726706356,0.6348090296320664,0.42348820498635753,0.9703851993965477,0.8805619975098158,0.9313609477959707,0.6537093289760812,0.8510297280237352,0.7352513061311169,0.6427613780488811,0.8443741959184264,0.8633854763604615,0.9509020786529317,0.9626174264518917,0.3229333621960612,0.8492976229205704
Carex nigra,0.2830380000547497,0.2826751989489446,0.3395326825003863,0.2846627813701135,0.9891918639447824,0.2797380503557351,0.41558270377113693,0.3942183079620297,0.9317601788770363,0.960386779661081,0.3757904883347686,0.270674462725287,0.6883549783425142,0.9697273728906214,0.9994086946353214,0.3685427651016815,0.6571885486271654,0.840186077432421,0.8520463639507696,0.6096440993803053,0.8707128338220071,0.31873204181923614,0.18832690185236395,0.8491602135955797,0.9467329547224023,0.12220289695046188,0.3204658530857499,0.7401854932494857,0.8391239568223131,0.5069008793923534,0.8562208459302227,0.8692300538430859,0.8548298842343962,0.8046100135702923,0.2741899675042714,0.8037557890959152,0.7619691806848786,0.1687427649445332,0.7998517884110061,0.8263500431863969,0.9377755958043114,0.21805402093422785,0.9129522954085982,0.843640899961916,0.9365793059587655,0.9749585734496308,0.9341992198025961,0.14753339838773774,0.16954339474306931,0.3548803374614367,0.816229754608963,0.8794558652270753,0.9905963163858592,0.9756448885866014,0.9216028744219414,0.9689496375539872,0.8944879045347098,0.9163193737201588,0.6573645387744291,0.37037097974241495,0.39329072651258906,0.9968684721598784,0.9742690326708684,0.9883607084699036,0.9692719656962793,0.40489406479618173,0.4020470426658866,0.7695443843215447,0.0,0.16748691996939025,0.9494250456857057,0.9513167853677581,0.8437869422968889,0.2304132272613393,0.997286228296222,0.7577417455408014,0.2847633893619309,0.9245801823558365,0.2201900905984723,0.40368594763208077,0.9177389584547445,0.2662570370386613,0.7084104207088291,0.9777905208192712,0.8107005713355351,0.9735722587299513,0.8626274139626797,0.6041513046552668,0.45640588160786044,0.9250071508628872,0.19502666092710125,0.9889782496857866,0.2474652194417413,0.971668016772156,0.3634910604603936,0.3887747864249045,0.6821120403891724,0.7283159523164404,0.750616420198052,0.38995113933566156
Siler montanum,0.9634289862455457,0.9715758043161838,0.929697996203354,0.9676491747495843,0.27623558556775957,0.9446431526643001,0.9133651625390585,0.9015484385694538,0.026299346503546126,0.06804667888870118,0.8989862388660114,0.9755583255612741,0.7280229059662487,0.12686936609652752,0.18574069527289902,0.9019382345509229,0.0013835843949807271,0.523158071208468,0.01850253355188985,0.7992378433074678,0.01788970564485839,0.939460447707468,0.9980802831109679,0.03438927228193009,0.41229266377416096,0.9325303924085543,0.9242704014470055,0.002460651073678742,0.6023214371046863,0.8068414284931301,0.00920157571150251,0.011279293570995875,0.02917734281322449,0.6486309715979598,0.9748326220460874,0.009643656553365116,0.6710878254452987,0.997240429340803,0.01351653045952153,0.6195666663094708,0.07168034563486099,0.9925380981739672,0.4765229893621642,0.012163010774180241,0.026975533417668028,0.058960461140368174,0.027413619368872832,0.9818841680586862,0.9391044900466963,0.9259513848877128,0.007990437898903628,0.018893094665915915,0.1730782698761394,0.0950972883132671,0.4942614075025738,0.07558579317330477,0.535430532125048,0.029643180946331293,0.0010035328017483308,0.8565370917721806,0.9150072159682497,0.2153861997285773,0.07514399285992164,0.2588097342557232,0.051273291994469665,0.911088747124977,0.817779072368511,0.6255272501763084,0.16748691996939025,0.0,0.13545160423859698,0.07136731595271859,0.546118126517445,0.9795119404013315,0.20304631443708496,0.6669109352997654,0.968238014938317,0.4885364166538806,0.9825541591763135,0.9006142115341852,0.04806945701255553,0.9396350282611069,0.6188789279169485,0.1535250719176577,0.640750931960315,0.08832043105275017,0.012388160212276641,0.7677463303293951,0.8939596326105101,0.48767313769519677,0.9884746139733124,0.24962638807287094,0.9429992450711356,0.05521075676266793,0.8691026652963543,0.8612289933149431,0.766115602597653,0.7334747100371531,0.007654047261004553,0.9240794051351202
Pilosella officinarum,0.2209934611497214,0.22197437784798135,0.2637442528476685,0.2226473030611587,0.9325901730682581,0.21757961472760376,0.3290669160432918,0.30680255008258456,0.9328760514688198,0.9815461609619254,0.291190475658376,0.21290440305296304,0.5708121789996209,0.8541682635795188,0.9553545151463643,0.28545339522040014,0.8325484958544609,0.7134272696326521,0.9497244049748286,0.4997499454559609,0.9470214672165914,0.24768539307681567,0.15084952291586726,0.965569115624693,0.8653832013393195,0.10167469785878766,0.2482521823244143,0.8638016684277953,0.7399875098583921,0.39643374919432156,0.9098690595033575,0.9177938689592371,0.9635918198458121,0.705240182396154,0.2153027201309785,0.9230111708565908,0.6483619858828654,0.13627965700984798,0.9324505436854476,0.7265930153565521,0.9917141763263775,0.1729156520123676,0.8187657134193045,0.9324230834581619,0.9242160336728047,0.9183724816324776,0.933838779133588,0.12059985577412506,0.1361224362621017,0.27602738355926937,0.9152221915310277,0.9478537593752249,0.9828180831217083,0.9853080134924057,0.8767348555217095,0.9802047615926404,0.8145184482049977,0.9597749861831141,0.8219769392527119,0.28468814277443916,0.307661988054081,0.958711874552147,0.9738311955554215,0.913265320009254,0.9359507415702941,0.31746715790517216,0.3083227117025021,0.6443306874578897,0.9494250456857057,0.13545160423859698,0.0,0.9883112431655702,0.7247033429462693,0.1814413184235865,0.962907796590884,0.6408632997835761,0.224212285599745,0.8711975179184916,0.174978215189818,0.3148500033009019,0.9818394810119527,0.20721903099982392,0.571950825700784,0.9939633877646018,0.7111801981281676,0.9838937117190184,0.9285668568726154,0.4852162802817919,0.36548375037139086,0.8742754474899709,0.15602390697720195,0.9115157506770227,0.19324349903275104,0.9111399683757863,0.2797543112330823,0.29959835352452163,0.5933271812093344,0.6421855412563161,0.9048586731247792,0.3067113475401775
Crataegus monogyna,0.14352109827688356,0.14777133291302125,0.18308013136726722,0.14611554721592615,0.9167342111274589,0.13825959639051008,0.2538897357511749,0.22573372237971415,0.9741146570084689,0.9984764215963572,0.2088609221511815,0.13976864163858577,0.5068256182951542,0.862029846848459,0.9530966037028401,0.20309490078587228,0.8449473061013806,0.665930978206334,0.9707773748228505,0.4314035999800763,0.9763313251475297,0.1675674082316296,0.08433753606612202,0.9666331265596135,0.8341008660627304,0.05082952096172174,0.1667824325070209,0.898394314047221,0.6909699847485526,0.3160858554676393,0.9554811904904369,0.9621325075453631,0.9715321877932025,0.6526877373799177,0.14109399214377122,0.9452589306197948,0.591372697713446,0.07105826174724691,0.9436104519569063,0.6761795139462997,0.9983676986433935,0.10299136901020195,0.7808895127634873,0.9634197651138275,0.9669161477314874,0.9491714498594358,0.9745818271814598,0.05831876248784314,0.06883493820896161,0.19559025683143233,0.9481123876387783,0.9788133239643813,0.9775781897609526,0.9956698232338471,0.8344275397377444,0.9965912557352334,0.7714929623254867,0.9898230867425342,0.8422299727029311,0.19979383670246625,0.22857319096221942,0.9504399582983752,0.9927015409495102,0.9009537228235553,0.9684786733813228,0.2389444015356533,0.22254377030889327,0.5872990386763624,0.9513167853677581,0.07136731595271859,0.9883112431655702,0.0,0.6772355861612473,0.10748745160046708,0.9563112904502057,0.5832054745168219,0.15160466599353484,0.8304871258828119,0.10754595683258189,0.23438261309930605,0.995421498966013,0.12824057589410942,0.5067270463429581,0.987661333005057,0.6591932143459861,0.9962214327537623,0.9667967659775877,0.41279253686562056,0.29277043056611074,0.8333364438820035,0.09077406653454197,0.9006131986968999,0.11570744389074297,0.9434118947987332,0.19532160188713876,0.21524112263103606,0.5344155103011684,0.5853147985017976,0.9132248881994853,0.22986895809036764
Potentilla erecta,0.6938163091503258,0.6841980408102013,0.7510331150709558,0.6929297769117905,0.9087950155302756,0.6939424611604136,0.7988089087331842,0.7976393978529903,0.6231959508337056,0.6877239138263256,0.7847547300235939,0.6702326541732826,0.9641512567407557,0.852177695647282,0.8510403685855584,0.7787361105989441,0.32115747646307585,0.9990694908826168,0.5158011187719603,0.9245914168638413,0.5337314773271039,0.7317050231368014,0.5741991260123608,0.5348483174841918,0.9701212256950648,0.4505894727058992,0.7354200232219054,0.38808048127415073,0.9940870512858375,0.8812141343943262,0.5107012541191646,0.5272423298689458,0.5330886720705548,0.987736157193591,0.6768289220881495,0.4575924495312264,0.9855720571604583,0.5503106284820363,0.46184651639875585,0.992503968869233,0.6606254904026753,0.6129184308420611,0.9883895386465463,0.49869512642906555,0.635107281901689,0.7355923127585179,0.6275854044589766,0.5168019148833808,0.5487170753217944,0.7636967737900238,0.46596504344524275,0.544373424817289,0.8117754112095218,0.7306716264062838,0.9577408119814991,0.7065759758938821,0.9861797552024286,0.5982143724720458,0.3192244487913767,0.7818482117314812,0.792315241685251,0.8641371543590177,0.7162273852768442,0.9138547315805219,0.7059090736877109,0.8002480321473046,0.8074143680248344,0.9917722025737837,0.8437869422968889,0.546118126517445,0.7247033429462693,0.6772355861612473,0.0,0.6354934632947825,0.8539124986313091,0.9861731403755991,0.680488475927948,0.9642215250045778,0.6056954245200926,0.804028266667173,0.616519256691044,0.6795780883266119,0.974994231456902,0.7751476112400595,0.9892563213780551,0.7226503814078885,0.51932479479223,0.9322486180540595,0.8231434190557064,0.962000872414264,0.5755437273088874,0.9110192434110251,0.6578146553122948,0.731837450110035,0.7760034356859263,0.7974035203162129,0.9280444543162901,0.9474237992498248,0.41045590973083257,0.7832195454769166
Teucrium montanum,0.9944083415322942,0.9844757634588476,0.9789919953151766,0.9925659892959139,0.3494128079863578,0.9910616712582645,0.9483995780825747,0.9591440901801819,0.04874220545625074,0.10449982207153075,0.9617901757542942,0.9834111857025937,0.8031645970572827,0.19287085580707622,0.2499115584181375,0.9642326311956352,0.003661934212225697,0.6177644507225443,0.03358557529447313,0.8610166518065391,0.033315216969018055,0.9852184791134424,0.982855039146135,0.05511712888561413,0.4927527864097648,0.864754456498767,0.9800285184304166,0.0062857440101664,0.6777559977691745,0.8905296718264124,0.01980211712071604,0.023473564167704443,0.04842736521220748,0.7191755418923448,0.9876993071445342,0.019247387240584134,0.7476984368268579,0.9861213193510647,0.02505586386086444,0.6935530159653713,0.10658941769133888,0.9886680817694693,0.5589092481742624,0.02400619889394566,0.05034858702947599,0.09854621356194383,0.05047735583537251,0.9735575626196071,0.9674162501355884,0.9747822782492571,0.016856235465592458,0.035088505876311515,0.23063992274407305,0.13888558636072776,0.5601859941997253,0.11476255481511914,0.6092086916158942,0.05185688927079839,0.002866153593888428,0.9398753911334689,0.9620316127899324,0.28144679487276014,0.11514906785498692,0.33481668324618674,0.08631537386787082,0.957611718579487,0.9122303479076801,0.7144091254172465,0.2304132272613393,0.9795119404013315,0.1814413184235865,0.10748745160046708,0.6354934632947825,0.0,0.2674450843460137,0.7463051301583614,0.9745966750097513,0.5574013643792727,0.9668016297278585,0.9565654982805033,0.07596848694188886,0.9892595665105656,0.7215985655947942,0.205788846731091,0.7122945047718134,0.13059270404729972,0.02491150127925628,0.8474573732690202,0.9292811241538771,0.5558216274684029,0.9651231402681706,0.3254949154937817,0.9899239062201206,0.09374955477097262,0.9479655056241912,0.9407031563821409,0.8107849304701715,0.7831842874976017,0.01530740897129206,0.9605405228923323
Phragmites australis,0.31904005900445487,0.31736526998085535,0.374158932764258,0.32022900467815735,0.9930415019720951,0.3165197648654353,0.44574731903595327,0.42665725570432117,0.9230872858099016,0.9617964552175773,0.4092785015208093,0.30542488971233683,0.7072792355249976,0.953620851104971,0.9992071567947046,0.4023500963889745,0.6836977566120435,0.8487299441777135,0.8630907049212289,0.6322688301623984,0.8767761087218758,0.35408312279826387,0.2239656503951604,0.8668416004537249,0.9545259024911688,0.15248250015756154,0.3561232242765062,0.7538375645407479,0.8535613093358433,0.5340528496782528,0.8551554248099168,0.8675605916647856,0.8700871618771018,0.8209542793268155,0.309257309377544,0.8180972138910119,0.7781934357653567,0.20484544576321118,0.8181198788530067,0.8414532298008948,0.9462857546722017,0.25382734755343384,0.922262342756991,0.8513805760984652,0.9252712079877691,0.960293878631747,0.9254309419131362,0.18325247621100454,0.2063293552368961,0.38879880397424066,0.825384027577824,0.8839292313646442,0.9958607039620956,0.9776218126733549,0.9386300721864458,0.9692195212507295,0.9083233757828609,0.9172124682442405,0.68115473830309,0.4044422991134649,0.4252991313440004,0.999795444467161,0.9721841161139101,0.9882342437565276,0.9578232752774642,0.4363115974647159,0.43460634195997905,0.783295561376303,0.997286228296222,0.20304631443708496,0.962907796590884,0.9563112904502057,0.8539124986313091,0.2674450843460137,0.0,0.7736460998845666,0.31866924286211135,0.940072539290152,0.2545474489084652,0.43560258924922035,0.9256967718950632,0.3034915358751744,0.7230210070955434,0.9860297949415034,0.8267074254090915,0.9750019306686513,0.8651678361605514,0.6264147530440737,0.48466797441430925,0.9408564384551267,0.22956198311721684,0.9878917932390451,0.2850208285521265,0.955781777346613,0.3978389616663382,0.4219776873353632,0.7038230334610218,0.7491546045869788,0.7729644870315401,0.4214701783936209
Molinia caerulea,0.798832275870556,0.793275468714391,0.8456882033479035,0.7992898452943415,0.8399575245785923,0.794944230206912,0.8871940602267961,0.8832497146974988,0.5229236284749255,0.5918656854885597,0.8711366804139739,0.7813588273389728,0.9946354158439304,0.7627577133771779,0.7678578261879099,0.8661684530576107,0.2516930027160035,0.9821282709775478,0.4254017434002298,0.9749260966794617,0.440623245192021,0.8295405044395151,0.6942776167688686,0.4478130830182851,0.9257541835464066,0.5768423297315284,0.8301690296163352,0.3080883181422635,0.9900002045583368,0.9412157756079608,0.4169527725291397,0.4323105854062803,0.44442432772607926,0.9947142363944668,0.7867081766500096,0.3715544359674486,0.9997937954601306,0.668752197010419,0.37722236715298224,0.9924864653864124,0.5684543790469984,0.7299548162077821,0.9571082028179174,0.4078829250238777,0.5340794557047073,0.6351082797413476,0.5272144680365735,0.6319961619434965,0.6547576833477079,0.8567280834199976,0.37771855048183944,0.45027392612318484,0.7281452587310647,0.6371721520669602,0.9296641028082441,0.610786942862478,0.9663365924649218,0.5013211516845323,0.2495020897919133,0.8618661702577317,0.8809996743460008,0.7856966111148079,0.6195647751961629,0.842362483697592,0.6051841183114419,0.8874967259866663,0.8790125403575118,0.9976783871838305,0.7577417455408014,0.6669109352997654,0.6408632997835761,0.5832054745168219,0.9861731403755991,0.7463051301583614,0.7736460998845666,0.0,0.7904259211892009,0.9346201168077198,0.7245226400752616,0.8888591129235225,0.5230196365202743,0.7804533900785771,0.9863153492891432,0.6903575564312232,0.9943073997668213,0.6283377900812664,0.42582952530827195,0.9769361849920266,0.905379394888554,0.9323037234522593,0.696897472477889,0.838092112532371,0.7603735406767087,0.6309862986989119,0.8584799099632426,0.8765274089856714,0.9690263849518974,0.978002283572268,0.3308487725967192,0.8748906725215336
Erica arborea,0.9843263437732201,0.9984656230348701,0.9722712503272712,0.9907566608274943,0.40062940279851245,0.9629768952084733,0.981544477981694,0.9622023100334787,0.0919545201034953,0.15047520420085916,0.9548146666475269,0.9989713130067902,0.8441776641714724,0.25900740619511403,0.30280327819879865,0.9554309928474857,0.014849117444111219,0.6616742802355081,0.0640928407882147,0.9034185284294598,0.06569835831800287,0.9742211896536118,0.9813103884395797,0.08701753702537972,0.5425419049460047,0.9250546280065872,0.9602230743889604,0.02270069833063803,0.7280299086361821,0.9004253536769701,0.049497862589943833,0.055154558885367654,0.08040083477922488,0.7711274172011455,0.9973888467191167,0.04371894916485726,0.7936999130452426,0.9599343313113451,0.05035537083647452,0.7442247432193548,0.14861707513999733,0.9906314408439463,0.607951892544832,0.05260125834776998,0.09537791608564421,0.1546108058179549,0.094176477934961,0.9242137907099167,0.8953054538340678,0.9738922870771131,0.041796930248517924,0.06862728881208643,0.2796692420938769,0.186882407872236,0.6136370267844337,0.16225971458170932,0.6608419546406624,0.09106492854807083,0.013412452475705779,0.9169005461361984,0.9751795977651943,0.33270706773035513,0.1641469430757634,0.38827030012676955,0.13834632549840878,0.9746392069244988,0.8926556595665478,0.7548897673783944,0.2847633893619309,0.968238014938317,0.224212285599745,0.15160466599353484,0.680488475927948,0.9745966750097513,0.31866924286211135,0.7904259211892009,0.0,0.6098463922028237,0.9929166920504723,0.9638390593578711,0.11543179320186694,0.9520488932779027,0.7526252753286994,0.25242103096407587,0.7638563820846968,0.17845329203921198,0.05569559834066989,0.8757188168876344,0.9723772258620065,0.6084346232843044,0.9862800046671343,0.3795759281453322,0.9460295066486011,0.15012059957006266,0.9255432368137723,0.925398259039055,0.8769170974645617,0.8476987797487627,0.03559210755999299,0.9845654245519933
Galium verum,0.6096323905651111,0.6093203454424846,0.6585618494962433,0.6116070420260219,0.9680490374520847,0.6035636178912958,0.7194167667232404,0.7027644782899719,0.7691930634691364,0.8335130998185224,0.6867566666503215,0.5979086132470518,0.898694150799459,0.8859767653529194,0.9333364597634923,0.6808244039349737,0.5425951816007912,0.956121635053919,0.711059807690252,0.8540227926316606,0.7204402382829999,0.6407123660029819,0.5135133631635063,0.7315759530086223,0.9913115023983377,0.42330445234957603,0.6402341595177895,0.5956141995727537,0.974724030286806,0.7804553251114399,0.6895108247109116,0.7031039784961027,0.7288932790026745,0.962090227020382,0.6016968802500459,0.6636641630995165,0.9382602391529095,0.4886862239679521,0.6710033653683577,0.970237135732799,0.8220652127586305,0.5461540409528384,0.9896958782561401,0.6924617395574444,0.7728126693884528,0.8348415584736736,0.7723843971646608,0.45660291609543185,0.47535777762266074,0.671751908079228,0.6649385961649109,0.7272817494449456,0.9199948034320852,0.8639096741880298,0.9995248710685939,0.8451147339519008,0.9940696722409641,0.7660003331487062,0.5367054643824062,0.6755945726252807,0.703115764969863,0.9457574110201935,0.8481766377625266,0.9610915850731437,0.8233745528186376,0.712163407449926,0.6970771263069817,0.9339649411526152,0.9245801823558365,0.4885364166538806,0.8711975179184916,0.8304871258828119,0.9642215250045778,0.5574013643792727,0.940072539290152,0.9346201168077198,0.6098463922028237,0.0,0.5461647202491434,0.7104990886058604,0.7886938248334542,0.5888244019476078,0.8915502463970728,0.9006754024986364,0.9644864076268103,0.8577467523345484,0.7031283456657683,0.8462878424877456,0.748870431794687,0.9999596908672074,0.5197144918318608,0.9576964975546204,0.5693453109264709,0.8291349999536496,0.6714345755930368,0.6925810471389132,0.8968463064586506,0.9246439483734048,0.6278111145846363,0.7002822442685798
Globularia nudicaulis,0.9673864011897235,0.9889558060958699,0.9428211272633054,0.9761868543926431,0.33136719880628374,0.9398426670883482,0.9531751000064765,0.9249747493658955,0.055819134242543755,0.10533585905844431,0.9165333136718363,0.9924938434284176,0.7831048818032638,0.18804673410097172,0.2380912558910333,0.9179274186041796,0.006496527864701228,0.5835502823229846,0.038602636283244805,0.852538803000962,0.03897560288095236,0.9479866303844809,0.9914922822576745,0.057841531079515056,0.4703844372229124,0.9597779670657646,0.9294863076006847,0.01044064650464129,0.6620658857885952,0.8434222307050229,0.026478909642907337,0.030292039758928444,0.05197846291611208,0.7089655385901602,0.9886159792005145,0.024274672773687906,0.7292661656635719,0.9706339352926515,0.0295582050448019,0.6794631257823882,0.10626783065850273,0.9935555094692644,0.5355795766810592,0.029720776228628468,0.057807681047102676,0.10294486524792763,0.0574708245561177,0.9359697503016408,0.8904851144227661,0.9434661317406854,0.02236791552509118,0.04088089489171887,0.2206118322430949,0.13651164356486775,0.5519254090652775,0.11482522798732277,0.5945810855638022,0.05719445622494569,0.005579665009551766,0.8695398147170121,0.9428277252067002,0.2675833569640428,0.11553177382442119,0.31627289840286443,0.09109351587993064,0.9417474276125427,0.8374564916516528,0.6829835894057874,0.2201900905984723,0.9825541591763135,0.174978215189818,0.10754595683258189,0.6056954245200926,0.9668016297278585,0.2545474489084652,0.7245226400752616,0.9929166920504723,0.5461647202491434,0.0,0.9267164251590502,0.07836075262419644,0.928810483844799,0.6748166011268751,0.19762531658360383,0.7009498114048643,0.1290395670928583,0.031223504365900275,0.8156840635530729,0.9415577689233635,0.5452161665504388,0.998652176805759,0.3073910530018659,0.9257399404088686,0.09888701491208188,0.8808290173424782,0.8784026589237706,0.832418787327462,0.7992269535045005,0.019522653527564653,0.9571666053540326
Tofieldia calyculata,0.9809240648179064,0.9713505723673564,0.9952193031891943,0.9796534780404066,0.524776947033823,0.978366973546069,0.9900490426081021,0.9997889628340574,0.1610544106548781,0.23537607114316622,0.99757338698892,0.9648403856914414,0.9298968706548082,0.3906078226436274,0.4214472707341051,0.9969443938547712,0.03194102479205142,0.7936273945813533,0.11325119855174189,0.9629526084943609,0.11725796192052595,0.9913285342964685,0.9185108880654589,0.14259928124062585,0.6662757654691559,0.7924564352939577,0.9897846677974577,0.0474291487469163,0.8282338966494444,0.9820791809821975,0.0944921131349253,0.103541508491006,0.13472938800771864,0.8600509542325946,0.9701156826998186,0.08172380017964405,0.8881937187888106,0.904538036346689,0.09071674094245674,0.840771912897266,0.2281509903263422,0.9413808273831383,0.7289897950732419,0.09709608325750375,0.16715336028643274,0.2518718688063501,0.16431186553142924,0.8746449291169623,0.8859435198576097,0.9973074715870954,0.0799208809302823,0.12209954142173932,0.3878969739102333,0.2809520834330283,0.7093337487811456,0.2512913267340755,0.7648661321424784,0.15576595532769288,0.029576677116602643,0.9843239894472865,0.9988031594865291,0.45113404823872655,0.25540478854978127,0.5184624071331034,0.2275818032305209,0.9983461494494764,0.9769721789919401,0.8693069741929172,0.40368594763208077,0.9006142115341852,0.3148500033009019,0.23438261309930605,0.804028266667173,0.9565654982805033,0.43560258924922035,0.8888591129235225,0.9638390593578711,0.7104990886058604,0.9267164251590502,0.0,0.18562614296961927,0.9703318273391698,0.8818912468704874,0.35313216599475733,0.854951102998108,0.27089288801367645,0.10325079872834723,0.9608249879536696,0.9834638292580415,0.70806496499605,0.9110979982001932,0.5104550315550241,0.9599751538268247,0.24664888020225859,0.9868824869960541,0.9900474869544535,0.9155226587704319,0.8974473967316794,0.0671534049215265,0.9936849440693786
Plantago lanceolata,0.10616561314674815,0.11134602281425607,0.13969214483905368,0.10887627879162415,0.8778233697145056,0.10066838638897042,0.20657175921333587,0.17750594568310432,0.9665960725420203,0.990359751388889,0.16167131797138506,0.10468362612443495,0.44662771241388693,0.8103125537671666,0.9205569020328337,0.1565246357158478,0.888877273418408,0.6028783186736604,0.9888159824599009,0.374321219808935,0.98982664337547,0.12619745351166772,0.05846994163448658,0.984645112327418,0.7856859600831229,0.034031194444909665,0.12479326387780795,0.9310288435413714,0.6361186159422267,0.25848325296424673,0.9668780675523971,0.9713234102705811,0.9891064633238624,0.5978186032205832,0.10541868229030409,0.9712758379287312,0.5322387584627998,0.04745789284590918,0.9704712601270044,0.6211455548840311,0.9977424638101252,0.07352539314192127,0.7280990335618587,0.9817811424450762,0.9555124946700061,0.9205918769912526,0.9664369798190288,0.037438814369255724,0.04472039937732364,0.1509595212547072,0.9707709675404678,0.9901778203733658,0.9551114786002441,0.9822506679748018,0.794767420653256,0.985237978040938,0.7222601931610406,0.9926206949927332,0.8853482656594807,0.15192821816520033,0.18127461478016157,0.9183675188723295,0.9783750266505405,0.85734658752613,0.9475626308182074,0.1909529814003711,0.1713120772037999,0.5243767101823354,0.9177389584547445,0.04806945701255553,0.9818394810119527,0.995421498966013,0.616519256691044,0.07596848694188886,0.9256967718950632,0.5230196365202743,0.11543179320186694,0.7886938248334542,0.07836075262419644,0.18562614296961927,0.0,0.0919967979643335,0.4397891235155399,0.9720975001052077,0.6042589335704858,0.9835126768900042,0.9797910103884985,0.35216690670081663,0.2437379496985482,0.7922365966278618,0.06443096837178988,0.8565754015075697,0.08163729664838508,0.9139974876143505,0.14829560181146806,0.16598461066091802,0.4840362405890966,0.5351298536016317,0.9469579600275466,0.18377933716469452
Hippocrepis comosa,0.9904278746523448,0.9668180344800945,0.9881674669245893,0.9839415623565492,0.3894512325576023,0.998999462766301,0.9464155987125945,0.9742090716340084,0.061534789020125484,0.12548452587823195,0.9809612410109162,0.9621451140331305,0.832942630292795,0.23126638776919117,0.2861831525744549,0.983072817448635,0.004852585631622621,0.6660457030253872,0.04215407342527898,0.8797817024198268,0.04206083674786958,0.9919528376265692,0.946127237320457,0.06698913854270164,0.5341626713079053,0.7910731570952276,0.9944098374367648,0.008312710671292956,0.7106770839405008,0.9254693476017076,0.025676422751513727,0.03027686621907213,0.059443622308502565,0.7474771126608056,0.9701386931144733,0.02462083353594361,0.7797670995842821,0.9534617567032662,0.0315802722376798,0.7250160884101912,0.12660739968374005,0.9596396167320039,0.5999433227700692,0.030657686399375113,0.06367171565991332,0.12142649652297385,0.06363595820874544,0.9444556069011336,0.9656815385486206,0.9834495354034097,0.02177339374938131,0.04427830314188122,0.2629615349280216,0.16401359728015674,0.5894244179625587,0.13731727767322482,0.6427370474340165,0.06456666058864442,0.0038192285548537463,0.9749442434856753,0.9690747237427083,0.3182876395989807,0.13820715163657762,0.37712088179539416,0.10652542408636492,0.9642326243007812,0.9556908072800417,0.7562471059885921,0.2662570370386613,0.9396350282611069,0.20721903099982392,0.12824057589410942,0.6795780883266119,0.9892595665105656,0.3034915358751744,0.7804533900785771,0.9520488932779027,0.5888244019476078,0.928810483844799,0.9703318273391698,0.0919967979643335,0.0,0.7734151829855289,0.235156791364952,0.7414996949875423,0.15488282048881105,0.031933132429204876,0.8798586238543301,0.927560063206704,0.5867759787451596,0.9220316089678944,0.3679183363057656,0.9991092930383629,0.11600985525207796,0.9796331017254085,0.9726190138766635,0.8178268415115764,0.7945807362797743,0.019578504375667074,0.9596608558919152
Danthonia decumbens,0.77916970789678,0.7606579908042396,0.8366525542689026,0.7753250447714604,0.7986737821510543,0.785659081611212,0.8628379891222825,0.8779727320936733,0.4387449096492583,0.5163296792868329,0.8704057791487197,0.7457396064349711,0.9832384981159988,0.7318789874029668,0.7183691146899401,0.8653204602901329,0.15705414781212013,0.97722557317669,0.33244559799505013,0.957996355358168,0.3474729095204454,0.8187703946028626,0.6479856774276349,0.36090591272850575,0.8948999752102923,0.4974598523124192,0.8261683515665734,0.2085078294459785,0.9638730883009441,0.9505850469955005,0.32052931501344667,0.3372123758375066,0.3556021114475919,0.9669941062527201,0.7546054203559469,0.2752150529188165,0.9828512526370258,0.6268818281553628,0.28356836712424827,0.9661405952684725,0.49075537607920405,0.6893940014925259,0.9314494784963677,0.31205582654845493,0.45213908739021375,0.5714627523144991,0.44363933345784384,0.5935052477126976,0.6362885861381983,0.8467483028938856,0.27988027660086084,0.35773390881224676,0.6699541040780526,0.5677292146123669,0.8834153438023509,0.5378797296017306,0.932366342164706,0.41399663062154374,0.1538513801325632,0.875566000897782,0.8677579839086478,0.7367170342089852,0.5481894195025643,0.806326705719291,0.5343327638696298,0.8731856617147257,0.8999455186030999,0.9926115949492706,0.7084104207088291,0.6188789279169485,0.571950825700784,0.5067270463429581,0.974994231456902,0.7215985655947942,0.7230210070955434,0.9863153492891432,0.7526252753286994,0.8915502463970728,0.6748166011268751,0.8818912468704874,0.4397891235155399,0.7734151829855289,0.0,0.6267963508648369,0.9670022706574628,0.5577479982922172,0.33047856909499057,0.9767769780678426,0.8779521929871609,0.8883289982219752,0.6438469571552923,0.8024428369933958,0.7518527282855194,0.5674828005080308,0.8692377293699807,0.8872191851434265,0.9275578418801689,0.9365558893364909,0.23620934078509417,0.8535484727041112
Leucanthemum vulgare,0.24992543117853763,0.25031042503400935,0.2974795529566791,0.2515349746757474,0.9631004550369092,0.24659843635456935,0.36660797286879926,0.34457809723354577,0.9444166063654325,0.9863195674896709,0.3279660044459268,0.24018002971309727,0.6201076831473846,0.9022032427788771,0.9816404245298666,0.3217061477847965,0.7858421664128288,0.7661159549259707,0.9290716133725583,0.5461506912550497,0.9338477399938435,0.2797758837483506,0.17088394932320397,0.9373464199490023,0.9040808279679922,0.11472562602889061,0.2807532175016787,0.8354672670292993,0.7842896699110775,0.44213753929158583,0.9046053556746397,0.9141419442873157,0.9384330737216434,0.7494982132556502,0.24301587003647926,0.8952935399199137,0.6968811165195457,0.154591004742559,0.8995161871349676,0.7710528121836251,0.9851638481093754,0.19572910751377814,0.8615924478280683,0.9152224731668236,0.9400164934817468,0.9481404522521129,0.9458497079330562,0.13688017214432963,0.1548457690413941,0.3108262351193684,0.8947751743935861,0.9373506694843939,0.9970293207962247,0.9938169186122476,0.9033044591510566,0.988263529947479,0.852780024589236,0.9574508940249863,0.7794409369338848,0.32174293433232193,0.34483937935160663,0.9830922450262344,0.9857795370535914,0.9497031483814287,0.9584564013125745,0.3552864740841741,0.34804777003254983,0.6963592037977671,0.9777905208192712,0.1535250719176577,0.9939633877646018,0.987661333005057,0.7751476112400595,0.205788846731091,0.9860297949415034,0.6903575564312232,0.25242103096407587,0.9006754024986364,0.19762531658360383,0.35313216599475733,0.9720975001052077,0.235156791364952,0.6267963508648369,0.0,0.7555097618470455,0.9922090878244464,0.9191243558329631,0.5342920330714089,0.4047038032026141,0.9028557579485413,0.17644120212266948,0.9486796508898351,0.21949673986522467,0.9420717587591506,0.3161658920716595,0.337879553114591,0.6334621182847558,0.6817483042492373,0.8645359972180519,0.34305674622158433
Ranunculus polyanthemos,0.7644454660143912,0.7641581106211204,0.8096007087421018,0.7666012229189052,0.8826525751390453,0.7569480121455197,0.8610080912240431,0.8482768264068562,0.6005087734696035,0.6665603208569678,0.8337902417996961,0.753084796308601,0.9816088756300613,0.8021220481397076,0.8205178987742128,0.8285486171177098,0.33959239835732624,0.982748735877033,0.5128047545960985,0.9578747180722602,0.5270155116500023,0.7932486705043664,0.6677934894640445,0.5331148375997455,0.9525778948706849,0.566639826826142,0.7917189426580868,0.3969959226334348,0.9984501192630236,0.9075619868375013,0.5025341667459431,0.5172805317249037,0.5304641400239083,0.9999292499921426,0.7569961325577363,0.46085879415834924,0.9958251971672116,0.6401943849652822,0.46608982434941726,0.9995178499360036,0.6459074236076554,0.7018369579934044,0.9756057534155766,0.49576467000444935,0.6095619940995065,0.6983256047415368,0.6044417876363993,0.6026367360254855,0.6194069488239635,0.8216179852431534,0.4664952818747219,0.5359910195632288,0.7882747636908064,0.7073423311576387,0.9612920892847083,0.6833780551662371,0.985961918715117,0.5834334765985665,0.33697296948009847,0.8201395725736134,0.8489218881008572,0.8370173163833681,0.6906496850316248,0.8818864025134695,0.6739578558994823,0.8564349705250541,0.8367538135794531,0.9900621726706356,0.8107005713355351,0.640750931960315,0.7111801981281676,0.6591932143459861,0.9892563213780551,0.7122945047718134,0.8267074254090915,0.9943073997668213,0.7638563820846968,0.9644864076268103,0.7009498114048643,0.854951102998108,0.6042589335704858,0.7414996949875423,0.9670022706574628,0.7555097618470455,0.0,0.6993445070125136,0.5121975443278383,0.9530017522486008,0.8830097130645388,0.9628774512395184,0.6739269052437531,0.8777274697304949,0.7215764259078288,0.6938064244425026,0.817266316990184,0.8363235306193771,0.9699973243982345,0.9829154381392509,0.42032798927104253,0.8459686554009761
Galium mollugo,0.17112501961877566,0.17476481224874593,0.2153395112642001,0.1736662111374689,0.9425743255537785,0.16596505771650596,0.28941768851904975,0.2618049582445889,0.9766124282008846,0.9985289476215159,0.24405927959860235,0.16573861325525133,0.5522190898470256,0.9019694598510781,0.9739934115044158,0.23780147411524408,0.7986481595553007,0.7134881624504669,0.9477159490565974,0.4744467726596069,0.9583447912134251,0.19824821700262807,0.10323967853204763,0.9412652052892464,0.8681456911336423,0.06304572878212289,0.19789163298980267,0.8646154793291511,0.7309396052683106,0.3595445415834684,0.9416280746284514,0.9500384301505139,0.9473190509571511,0.6928059310604222,0.16749301085000654,0.9153650196179912,0.6355554741757914,0.08821075260563364,0.9115953320133827,0.716361418593457,0.9904228898015356,0.12462333089377119,0.8189202087697584,0.9413639399620445,0.9731614465801188,0.9697793664215443,0.9775833336610583,0.07341610598947694,0.0862919703798538,0.228844251272829,0.9225686964680041,0.9629353045846719,0.9886975488877351,0.9998953147765683,0.8595450167315786,0.999562689405254,0.8060049533098579,0.9815032525130128,0.7977298014697438,0.23539525718130658,0.2639829387513708,0.9703686868466279,0.998696076466437,0.9315422405699589,0.9821687825711017,0.2749167296273817,0.26076057765582994,0.6348090296320664,0.9735722587299513,0.08832043105275017,0.9838937117190184,0.9962214327537623,0.7226503814078885,0.13059270404729972,0.9750019306686513,0.6283377900812664,0.17845329203921198,0.8577467523345484,0.1290395670928583,0.27089288801367645,0.9835126768900042,0.15488282048881105,0.5577479982922172,0.9922090878244464,0.6993445070125136,0.0,0.9504607280473345,0.45872023435821324,0.32965861005067787,0.85990783107382,0.11009236084437482,0.9317178337419847,0.140679160132073,0.9649769252039762,0.2302827806169636,0.2519771060541958,0.5712510649169807,0.621602924637389,0.8749289277589899,0.26439661097054257
Juncus effusus,0.04400786616241794,0.05105101169898306,0.0663853744162377,0.04698083948337862,0.8064872975676136,0.03800205493294795,0.1281414189073756,0.09582240850255407,0.9727385871485066,0.965302878215026,0.08135501709066913,0.04682316871147671,0.3492785108234178,0.7457877411547729,0.862571668460365,0.07727008003042055,0.9042601761088093,0.5029873557932427,0.9888879233739402,0.28155714737876075,0.9972261153308881,0.0565351530002621,0.017811477545483963,0.9598916416918201,0.7013313192650125,0.009113988275522029,0.05380599894303813,0.9681000570625479,0.5439946868160516,0.16092289914257943,0.9974292758431075,0.9974601694581613,0.9720519645810974,0.5058709621321634,0.04645750014143516,0.9807017297125661,0.436361911790398,0.011449118120848343,0.965490906582358,0.5289042606045626,0.966139803803962,0.026075752973059075,0.6390603329221503,0.9963052257575428,0.9604633498467864,0.896862645148954,0.9713554418824493,0.006877313557803526,0.008456859807247643,0.07556147759110694,0.9927004868209319,0.997985322007771,0.8996863871861939,0.9466898726119797,0.7091496735755896,0.9574571293112756,0.633747210832468,0.9917980737597956,0.9125043123703568,0.0695255475528566,0.10176208035973007,0.8557976543148192,0.9514255541522806,0.7859130507133119,0.9317457300536732,0.110467813084202,0.08244269938061186,0.42348820498635753,0.8626274139626797,0.012388160212276641,0.9285668568726154,0.9667967659775877,0.51932479479223,0.02491150127925628,0.8651678361605514,0.42582952530827195,0.05569559834066989,0.7031283456657683,0.031223504365900275,0.10325079872834723,0.9797910103884985,0.031933132429204876,0.33047856909499057,0.9191243558329631,0.5121975443278383,0.9504607280473345,0.0,0.2524563269838802,0.16321045848272375,0.7067614100315017,0.02257744754711629,0.7858124351796197,0.0258306848922763,0.8912285493367386,0.06756587519305153,0.08133333063624028,0.39909432704704717,0.44873862424075794,0.944945133597219,0.10688007355834947
Betonica officinalis,0.892545702270111,0.8818334253410653,0.931159284907678,0.8912104754661856,0.7091528775920946,0.8918168927729996,0.9505056873997724,0.9577534308250769,0.3422437957689892,0.4191379474876612,0.9506252378591601,0.8708422594635709,0.9928541747405777,0.6120778232967462,0.6175907279379578,0.9472052256888198,0.11566647652703367,0.9280285530660776,0.2572789645676046,0.9938084723728662,0.2683391166292572,0.9188244589263475,0.7932602532274826,0.2861041498781769,0.8269230700724908,0.6603850205027341,0.9205274929885474,0.1544185732447586,0.9389399313624457,0.9908334415026366,0.24296628787567304,0.2568583430016115,0.27984300642115645,0.955373485525543,0.877250383154936,0.20933642511809225,0.9752343626322953,0.7718323010906032,0.21784510235639268,0.9459403339063018,0.40042708083256306,0.826992502218315,0.8755284016264059,0.23846051556837553,0.3529213200639539,0.45950950189755224,0.3465382456453749,0.7365708273105623,0.7611522282892024,0.9387181570413443,0.21173507826890575,0.2766366063099396,0.5747280128845966,0.4688658991175084,0.8414777588169516,0.4387143107741408,0.8932938899813216,0.3247002194214554,0.11282584259061543,0.9438519704342015,0.9535786366090216,0.6411263320705978,0.44668993358921644,0.7106035165880558,0.42719551503817926,0.9571029883718236,0.9540402144867095,0.9703851993965477,0.6041513046552668,0.7677463303293951,0.4852162802817919,0.41279253686562056,0.9322486180540595,0.8474573732690202,0.6264147530440737,0.9769361849920266,0.8757188168876344,0.8462878424877456,0.8156840635530729,0.9608249879536696,0.35216690670081663,0.8798586238543301,0.9767769780678426,0.5342920330714089,0.9530017522486008,0.45872023435821324,0.2524563269838802,0.0,0.9578631392431058,0.8434376541750406,0.7907203897106441,0.7048372276550446,0.8622775438806674,0.45499626180639474,0.9418144974543811,0.9544789670600716,0.96058789737355,0.9575002408462105,0.17902472578631312,0.9453208608353427
Schoenus ferrugineus,0.9593613857535283,0.9703145720047222,0.9706478911956155,0.9649830800863055,0.567886391654765,0.9416060033647274,0.9981053305331357,0.979781406810381,0.22798732244790365,0.29565037855943893,0.9692096168157397,0.9662114216884967,0.9417575541756448,0.4479788966981709,0.4722036163485203,0.9674839809284621,0.07057738110940855,0.8098436012522935,0.16946626687876484,0.976495284065565,0.17621779408515106,0.9649830733377837,0.9158044125567607,0.19523419423997837,0.7003163198690576,0.8440739675484226,0.9551181163330507,0.09525408533959986,0.8558265159527959,0.9613300113960244,0.15534859263235695,0.16539255651022688,0.1889034417378937,0.8883684843337964,0.9662247270355655,0.13440931987203666,0.9073180160180228,0.8868824574865686,0.14192224823741953,0.8683174014334631,0.2847834243633634,0.9373771747794296,0.7587306791685019,0.1542048515633615,0.23529853851585744,0.3191944333848341,0.23129591200982755,0.8447459609745473,0.8339209489603607,0.9767554204005207,0.13490845074810007,0.18202565884717808,0.43892691573799386,0.33897143429892823,0.7494236608278679,0.3115188274293622,0.7981285164061497,0.2180338711126433,0.06840266705740697,0.9397040529949082,0.9887030281641658,0.4991749071230058,0.3166443481700236,0.5619771092515053,0.2945171911828873,0.991292394106207,0.9312697307708132,0.8805619975098158,0.45640588160786044,0.8939596326105101,0.36548375037139086,0.29277043056611074,0.8231434190557064,0.9292811241538771,0.48466797441430925,0.905379394888554,0.9723772258620065,0.748870431794687,0.9415577689233635,0.9834638292580415,0.2437379496985482,0.927560063206704,0.8779521929871609,0.4047038032026141,0.8830097130645388,0.32965861005067787,0.16321045848272375,0.9578631392431058,0.0,0.7469024834589961,0.9247693341282882,0.5546318675352209,0.9145640159607934,0.31475705573012147,0.9439193753305916,0.9515258692350762,0.9571029490483921,0.9384918962157384,0.11427163827916095,0.9941816966466449
Centaurea jacea,0.6077816922987498,0.6077755207269041,0.6563252326856884,0.6098479855914635,0.9681101770681374,0.6015105094580901,0.7174043897505261,0.7003124886439567,0.7713153807663408,0.835987674268278,0.684250748021542,0.5964684178005363,0.89620319840166,0.8847342977707008,0.9338968273584087,0.6783395773278242,0.5484312015944386,0.9536464371075498,0.715410294566179,0.8516687475076503,0.7243074546634994,0.6385694480988887,0.5125474901976871,0.7363586250124053,0.9904834048003778,0.4234581175450256,0.6379482998429422,0.6004071945666565,0.9731572730828015,0.7774645452485521,0.6928648297656077,0.706347016299817,0.7334988685756185,0.9604810277876003,0.6001590314215148,0.6684745828232934,0.9360758970284069,0.4876812144975358,0.6761305361263787,0.968635387372276,0.8253227746026984,0.5449673570483944,0.9884031443957807,0.696604678936387,0.7746146222445457,0.8354351556157592,0.774468174516315,0.455617295124515,0.4739209674636474,0.6694965725513826,0.6692911209119461,0.730969376151655,0.9215277855523054,0.8660386790595969,0.9997412174700541,0.8473300240824235,0.9931832318728786,0.7690985960402569,0.542268388859758,0.6728252981982277,0.7008505519535962,0.9464190710870601,0.8501076518748923,0.9606659627845198,0.8245775997112804,0.709902212873282,0.6940872833517533,0.9313609477959707,0.9250071508628872,0.48767313769519677,0.8742754474899709,0.8333364438820035,0.962000872414264,0.5558216274684029,0.9408564384551267,0.9323037234522593,0.6084346232843044,0.9999596908672074,0.5452161665504388,0.70806496499605,0.7922365966278618,0.5867759787451596,0.8883289982219752,0.9028557579485413,0.9628774512395184,0.85990783107382,0.7067614100315017,0.8434376541750406,0.7469024834589961,0.0,0.5189106040180664,0.9572215320327729,0.5673939539696549,0.8296436350079106,0.6687390706678241,0.6898143811695466,0.8955690018904161,0.9234868677521205,0.6333801744687773,0.6982276047028543
Carex humilis,0.9607068913608191,0.9826624211482718,0.9311595363147595,0.9696124126645186,0.30420409617639954,0.9323687399149545,0.9382024852685216,0.909669054458278,0.04249123591081764,0.08814547218354221,0.9016485607563512,0.9871649655030797,0.7570370237379451,0.16005750522221707,0.2128746277533096,0.9034698520873689,0.003952691348410407,0.5523312869734888,0.029403783853463268,0.8294522048519121,0.02934453057696888,0.9378868938757305,0.9945929203723817,0.04703065525796339,0.44162456596354527,0.9654806063911627,0.9184214232588939,0.0065552889660522185,0.6343445972083286,0.8206467768284436,0.01848897124412924,0.02155260005463562,0.04151064375702908,0.6821122068841886,0.9830530232424435,0.017504680729233984,0.7019842075337036,0.9766392768006437,0.022172985244562907,0.6520149323088905,0.09016921136248705,0.9933365668809586,0.5064486567345251,0.021647736561076072,0.04391644437881001,0.08314431186669442,0.043904916902656084,0.9448087493918568,0.8941122619935731,0.9309456163774114,0.01568486334506066,0.030850754761080953,0.19769855950950968,0.11716984231521395,0.5260065665766197,0.09669719154710897,0.5670550855584209,0.04467517798767717,0.0032594126466355872,0.8523720597651074,0.9283792787605686,0.24217995656681224,0.09693007192821788,0.2880369487386292,0.07312680778352759,0.9267597590027896,0.8170688006172818,0.6537093289760812,0.19502666092710125,0.9884746139733124,0.15602390697720195,0.09077406653454197,0.5755437273088874,0.9651231402681706,0.22956198311721684,0.696897472477889,0.9862800046671343,0.5197144918318608,0.998652176805759,0.9110979982001932,0.06443096837178988,0.9220316089678944,0.6438469571552923,0.17644120212266948,0.6739269052437531,0.11009236084437482,0.02257744754711629,0.7907203897106441,0.9247693341282882,0.5189106040180664,0.0,0.27908372980192353,0.920665711148602,0.07927833727154399,0.8646416120413464,0.8608879688444723,0.8092320647528282,0.7751240659752756,0.01399660844463629,0.943425899498615
Quercus robur,0.38346162710822557,0.3793135875936272,0.44500117541310996,0.38405073366468506,0.9971941713630986,0.3821504540638695,0.5162467013165353,0.5014640712841886,0.8720507370353623,0.9112883961932675,0.484024844151693,0.36577764947991,0.7777800443646714,0.9753192785776557,0.9897329656502196,0.4766314402750863,0.5690511867048573,0.9096929299099066,0.7760097503051614,0.7040323089959246,0.7959915199903634,0.4230597588334456,0.2737587498147612,0.7794157162181327,0.9806834305099715,0.18744532994992041,0.4263426124950246,0.6521033601348875,0.9018117577850497,0.6157662865804873,0.778789790992877,0.7938135644160608,0.783224409670809,0.8724137897659285,0.3706315266182238,0.7214755788608066,0.8405421101294637,0.25226678430915983,0.7198365746473306,0.8912047806132527,0.8848509150179883,0.3081597990575046,0.9595301760786302,0.7646031248539251,0.8800377262855484,0.941345383204518,0.8752745585927675,0.22718035017448174,0.2554518364847886,0.460470147858545,0.7337006447509837,0.8060311974141742,0.9697746381102731,0.9355493428281604,0.9528046438792497,0.9236684281082451,0.9417977471077263,0.8508789322761087,0.5685230260896651,0.48124484322951216,0.49821580935281845,0.9904646519990119,0.9311379655647936,0.9999079306513585,0.9267307941242482,0.5094048579997555,0.5146293840050339,0.8510297280237352,0.9889782496857866,0.24962638807287094,0.9115157506770227,0.9006131986968999,0.9110192434110251,0.3254949154937817,0.9878917932390451,0.838092112532371,0.3795759281453322,0.9576964975546204,0.3073910530018659,0.5104550315550241,0.8565754015075697,0.3679183363057656,0.8024428369933958,0.9486796508898351,0.8777274697304949,0.9317178337419847,0.7858124351796197,0.7048372276550446,0.5546318675352209,0.9572215320327729,0.27908372980192353,0.0,0.3470108986636632,0.9381502696577297,0.4737027431570266,0.4995498742828955,0.7576442063382098,0.7989351554344789,0.6669039111143268,0.49213328006044554
Galium anisophyllon,0.9868026837891758,0.9616420862230924,0.9813156750671951,0.9796990972207242,0.3695064915639402,0.9966688806072576,0.9349562160768708,0.9643613164095723,0.05162762128143718,0.11258629511370233,0.972206713255288,0.9574347362174809,0.8140061358049921,0.20960165461177532,0.26745208920129,0.974738546534706,0.0034321523405709538,0.6436227146483846,0.03551616839221495,0.8627352911813948,0.03510880614608859,0.9864029871132602,0.9472412975171757,0.05905300843466413,0.5131861783681892,0.7896282053979672,0.9891364953930252,0.006000529890531303,0.6903340486615386,0.9105135948993341,0.020172129572831186,0.024148167435381843,0.051775830572873445,0.7276546550392944,0.9656627845265924,0.01993518509548239,0.7598410652907464,0.9583070362160143,0.02635011831282639,0.7048391281539456,0.11462178420334126,0.9587183317243637,0.5787266817368591,0.024972452616028012,0.0533050442973091,0.10622374311992164,0.05353213838531364,0.9534124239706527,0.9753641450477194,0.9755996704692514,0.01722434758351988,0.03701176140520986,0.24601177153791765,0.14953239502356597,0.5702909031152226,0.12369812151067257,0.6225154918899892,0.055296326437714795,0.0025978777315701007,0.9664823722480571,0.959031556265549,0.29953304897150035,0.12419006023392092,0.3563040892391457,0.09283972568856068,0.9536103299153689,0.9450020524832611,0.7352513061311169,0.2474652194417413,0.9429992450711356,0.19324349903275104,0.11570744389074297,0.6578146553122948,0.9899239062201206,0.2850208285521265,0.7603735406767087,0.9460295066486011,0.5693453109264709,0.9257399404088686,0.9599751538268247,0.08163729664838508,0.9991092930383629,0.7518527282855194,0.21949673986522467,0.7215764259078288,0.140679160132073,0.0258306848922763,0.8622775438806674,0.9145640159607934,0.5673939539696549,0.920665711148602,0.3470108986636632,0.0,0.10093351193296154,0.9716698894290601,0.9631155094203356,0.8001976532448871,0.7763687566434478,0.015815409016422394,0.9494128539152048
Senecio sylvaticus,0.13700409492729132,0.14451640291604456,0.18415910850788003,0.1409497213860773,0.9310766527658628,0.12873484740898383,0.2704060609238337,0.23603685458605075,0.9702136835022608,0.9593174862561491,0.2149480723808586,0.13528732030542595,0.5526057914424723,0.9577539353063304,0.9643375137276236,0.20784620659946898,0.6396037640841262,0.7279422690849188,0.8576824616923011,0.4694429698640966,0.8871455028052356,0.16524874957708383,0.07008397979513116,0.8332547994367683,0.8621157128576783,0.03856088621575663,0.16325403016731918,0.7541650529203905,0.7263589758787558,0.3447767060371009,0.8962176814858293,0.9080746890426276,0.8459617557516731,0.6869781138363743,0.13625052933075413,0.808798089606172,0.636566048235172,0.05377261925389795,0.7934004248534344,0.7115743841024323,0.9241732305323817,0.0913547001142999,0.817129760563111,0.8611557370850813,0.9789809126423648,0.9997945864510108,0.9719244909558391,0.03928115348693078,0.04804772177362016,0.1996698772917507,0.8345705659955606,0.8984128403788242,0.9536802922034697,0.9640015692131745,0.8252891905674508,0.9666502890375486,0.7922638222429953,0.9349181899966128,0.6465186021391598,0.20208050566523916,0.24005312548512997,0.9523830933561753,0.9755282967835597,0.9351706130486095,0.9949668394503711,0.25253645863652613,0.229882455133082,0.6427613780488811,0.971668016772156,0.05521075676266793,0.9111399683757863,0.9434118947987332,0.731837450110035,0.09374955477097262,0.955781777346613,0.6309862986989119,0.15012059957006266,0.8291349999536496,0.09888701491208188,0.24664888020225859,0.9139974876143505,0.11600985525207796,0.5674828005080308,0.9420717587591506,0.6938064244425026,0.9649769252039762,0.8912285493367386,0.45499626180639474,0.31475705573012147,0.8296436350079106,0.07927833727154399,0.9381502696577297,0.10093351193296154,0.0,0.1968275774511636,0.2216970546339413,0.5591464632610469,0.6077489180554355,0.7390762617634515,0.24210555092345246
Allium carinatum,0.9686669049260175,0.9406933153229813,0.9877951038146104,0.9609825543206236,0.4888218735242175,0.9814794716584752,0.9560033222688914,0.9896861968276897,0.11677126243358006,0.19460939112952333,0.9951821018835307,0.9317492664670877,0.9007286209462443,0.34357885003361466,0.38254220247867493,0.9954328017401869,0.01475024161593929,0.768442473271386,0.0798653547341232,0.9297542814572455,0.08167347540094254,0.9849745183413862,0.8848861404471322,0.11068959728379082,0.6323422084580096,0.7142197261075504,0.9920685595814759,0.023758056481546663,0.7922691476066503,0.9767429322969521,0.05858528944521126,0.06635550036545225,0.10198846360253146,0.8218970325352069,0.9415502051574652,0.05232186267211042,0.8557480361294304,0.8833946822405764,0.06176631185714441,0.8042163936293197,0.19075272994408426,0.9105090779682137,0.6958706833831032,0.06383581324362511,0.12135644774568724,0.2027754344495816,0.11983962018613521,0.8649896789637583,0.9036073029719363,0.9864666330514531,0.04912872245991508,0.08556227083357021,0.3502145453538239,0.2406805811480542,0.6689916261634125,0.21001106958781085,0.7274434426782114,0.11599147768221547,0.012710729163023774,0.999690572994278,0.9794444341133505,0.4136965327443262,0.21299914428045566,0.4820690905451993,0.18033432912527028,0.9766214252164064,0.9951515989249965,0.8443741959184264,0.3634910604603936,0.8691026652963543,0.2797543112330823,0.19532160188713876,0.7760034356859263,0.9479655056241912,0.3978389616663382,0.8584799099632426,0.9255432368137723,0.6714345755930368,0.8808290173424782,0.9868824869960541,0.14829560181146806,0.9796331017254085,0.8692377293699807,0.3161658920716595,0.817266316990184,0.2302827806169636,0.06756587519305153,0.9418144974543811,0.9439193753305916,0.6687390706678241,0.8646416120413464,0.4737027431570266,0.9716698894290601,0.1968275774511636,0.0,0.999088929910334,0.8639904354064546,0.8475522362337947,0.0420720759205107,0.9650766387244032
Helictochloa pratensis,0.9651135391506349,0.9394127504593918,0.9870107483849465,0.9582919155769549,0.5132618613092023,0.9760051884904941,0.9614647347602671,0.9921320015888562,0.1359280137462806,0.21528097255306,0.9960403917053966,0.9301518996833777,0.9164570870500602,0.3731872503943609,0.4073383723221136,0.9958093629676388,0.019858621710016126,0.7904398121768137,0.09347033138293671,0.9426910799771787,0.09610725947487764,0.9828822687566466,0.8786300589229855,0.12499107993485224,0.6556925643830294,0.7124412741377925,0.9892531730267078,0.03125338083175814,0.8122401253926478,0.9848148458074519,0.07192899675121049,0.080546802140897,0.11628017984813428,0.8407583120765424,0.939533196537787,0.06328784415533249,0.8737844728499261,0.8739714395938832,0.07307207150079345,0.8237869051268388,0.20978279497843813,0.9056137848199899,0.718419370730521,0.07662408173696815,0.1412982616527582,0.22755409741419472,0.13920654528069765,0.8525326159410204,0.8889368054220916,0.9868562817259255,0.06033912821228061,0.10050313487181886,0.3731468967800744,0.26250645606381456,0.6897736342374821,0.23140960133519453,0.7485090273784872,0.13342277134816558,0.017547038121536195,0.9991109930278589,0.982585839032849,0.4379202475972908,0.2350240493384805,0.5076630960894948,0.2033698544476689,0.9805265354764915,0.9965861285902936,0.8633854763604615,0.3887747864249045,0.8612289933149431,0.29959835352452163,0.21524112263103606,0.7974035203162129,0.9407031563821409,0.4219776873353632,0.8765274089856714,0.925398259039055,0.6925810471389132,0.8784026589237706,0.9900474869544535,0.16598461066091802,0.9726190138766635,0.8872191851434265,0.337879553114591,0.8363235306193771,0.2519771060541958,0.08133333063624028,0.9544789670600716,0.9515258692350762,0.6898143811695466,0.8608879688444723,0.4995498742828955,0.9631155094203356,0.2216970546339413,0.999088929910334,0.0,0.8793963094927714,0.8640858511655392,0.051173564887075605,0.9688902424042971
Viola hirta,0.8549780210620974,0.8707525762487083,0.8820611667384307,0.8622704467895433,0.7682136081987028,0.8352579040959244,0.9395741746467194,0.9085104389377353,0.47437794669296174,0.5394333112620873,0.8917478758679106,0.8643049623098726,0.9768787758349106,0.6681307026304899,0.6945245281666418,0.8877068769137335,0.25993146015219737,0.9156728469613217,0.40226355895531984,0.9825705291881964,0.4130519880023004,0.8700931847001927,0.7929548950926787,0.4239438549155856,0.8617499747402411,0.734100390995772,0.8604890373976537,0.3042731387897557,0.9557710085037596,0.9290945726571712,0.3899969976736799,0.40255076307163584,0.4200568978653006,0.9727292185447672,0.8635119357824372,0.35808310654910525,0.9726539149117592,0.7571810161745357,0.36406750211690486,0.9622915066027748,0.523914007324526,0.8206682687984732,0.8984442768106775,0.3862326857544003,0.48197670881103877,0.5637024123404015,0.47790164658902345,0.711662606910577,0.705981609903979,0.8931885809001389,0.3614487844879485,0.4204682973896203,0.6649331695131674,0.5794709188227513,0.8972734567816807,0.5550217544450293,0.9265156184213484,0.46172839216892547,0.25728755395504455,0.8625880020413519,0.9184514669987304,0.7153612755499852,0.5608337347344766,0.7632927958324477,0.5413361371083547,0.9252257364208913,0.8662316632493049,0.9509020786529317,0.6821120403891724,0.766115602597653,0.5933271812093344,0.5344155103011684,0.9280444543162901,0.8107849304701715,0.7038230334610218,0.9690263849518974,0.8769170974645617,0.8968463064586506,0.832418787327462,0.9155226587704319,0.4840362405890966,0.8178268415115764,0.9275578418801689,0.6334621182847558,0.9699973243982345,0.5712510649169807,0.39909432704704717,0.96058789737355,0.9571029490483921,0.8955690018904161,0.8092320647528282,0.7576442063382098,0.8001976532448871,0.5591464632610469,0.8639904354064546,0.8793963094927714,0.0,0.997699028352414,0.32606325059424507,0.9254982347541323
Calluna vulgaris,0.8293913337756399,0.8424980293383596,0.8605594646775534,0.8358364525282238,0.8092650699473768,0.8117904698587016,0.9189640782297699,0.89026638610368,0.5245718069003851,0.5903024548954067,0.8734958539917431,0.8350949765287429,0.9792757961703495,0.7114266191877853,0.7402580565677995,0.8690968439388045,0.30314247355256235,0.9357614320596706,0.4523302488956501,0.9770567558045677,0.4633056644228849,0.8474538687712077,0.7604317435560762,0.47397727526984423,0.8937569584674945,0.6947144576370923,0.8393096125069429,0.3499556071798302,0.9723003111221207,0.9204585689663382,0.43895741646074643,0.45191980372711993,0.4702912070385147,0.9848796957143923,0.8351153464414098,0.4067542092819103,0.9815651944688603,0.7260133890068672,0.4128975352199354,0.9772107781251157,0.5747623377828366,0.7894564524156036,0.9253063934572314,0.4357579744898608,0.5318579341434536,0.6124964199361639,0.5281195061713689,0.6820452235634475,0.6805752172700368,0.8721447139016195,0.410070520527467,0.47083865613238585,0.7121680574924915,0.6296464775337497,0.9247564708256385,0.6056542093990595,0.9497454659715379,0.5126473920573148,0.3000883713693614,0.8470677986486613,0.8986326503449095,0.7600261317161631,0.6112887496705521,0.804280462014363,0.5911053428314067,0.9058276684453878,0.8537250053965979,0.9626174264518917,0.7283159523164404,0.7334747100371531,0.6421855412563161,0.5853147985017976,0.9474237992498248,0.7831842874976017,0.7491546045869788,0.978002283572268,0.8476987797487627,0.9246439483734048,0.7992269535045005,0.8974473967316794,0.5351298536016317,0.7945807362797743,0.9365558893364909,0.6817483042492373,0.9829154381392509,0.621602924637389,0.44873862424075794,0.9575002408462105,0.9384918962157384,0.9234868677521205,0.7751240659752756,0.7989351554344789,0.7763687566434478,0.6077489180554355,0.8475522362337947,0.8640858511655392,0.997699028352414,0.0,0.37331363466539585,0.9039974340887997
Plantago major,0.027377841783849645,0.03229110587351955,0.04187523460483048,0.029393134916500637,0.7066954878532405,0.02340093400251497,0.08685191480691012,0.06183331719950595,0.8586945998331534,0.894042879029483,0.051653844746908796,0.02954142398392846,0.26316028282681964,0.5826431960315356,0.7592939494268571,0.048896887466802985,0.9845049160376079,0.39001460265648896,0.9790615939747721,0.2080690384823566,0.9605744795955703,0.03538523275419878,0.010979122335391034,0.9822786836782165,0.5989200946038946,0.005656489251198422,0.03345226073930132,0.9729086963810198,0.44869584370857074,0.10714458947433189,0.9229936664371821,0.9200367050772095,0.9826676282401992,0.41483213273990993,0.02921777984904574,0.990401612825533,0.3424454706508807,0.007087628504977236,0.9963707673521541,0.4349082646004657,0.9307552281610758,0.016124651690646717,0.5348408083032572,0.9693703957471891,0.8335192587572624,0.74947254107533,0.8567007549913404,0.0043453795199866,0.0053274494873479655,0.04810218704337092,0.973616043824416,0.9526791122473948,0.8260236607335657,0.872482125481235,0.6408502764145767,0.8787766135086761,0.5437075376661874,0.9258537200826141,0.9763135920598908,0.04327049840507686,0.06653085775502872,0.7623466597109596,0.8609772203878535,0.6699725618195254,0.80037314454521,0.07285210579075695,0.05151582858670487,0.3229333621960612,0.750616420198052,0.007654047261004553,0.9048586731247792,0.9132248881994853,0.41045590973083257,0.01530740897129206,0.7729644870315401,0.3308487725967192,0.03559210755999299,0.6278111145846363,0.019522653527564653,0.0671534049215265,0.9469579600275466,0.019578504375667074,0.23620934078509417,0.8645359972180519,0.42032798927104253,0.8749289277589899,0.944945133597219,0.17902472578631312,0.11427163827916095,0.6333801744687773,0.01399660844463629,0.6669039111143268,0.015815409016422394,0.7390762617634515,0.0420720759205107,0.051173564887075605,0.32606325059424507,0.37331363466539585,0.0,0.07083313096947258
Brachypodium rupestre,0.9832355739389681,0.9866308676041575,0.9897232319294207,0.9862809444379903,0.5078880141557118,0.9705905894628318,0.9988866422440922,0.9919649668135266,0.16200905128323762,0.23092512981976193,0.9856180111988105,0.9827111501407756,0.9184076336671747,0.3755743675434908,0.4073049266817449,0.9849487094258084,0.03648959001064464,0.7696646530951189,0.11549962885593348,0.9594039489286867,0.11973129789506318,0.9867436240150594,0.9422010872681795,0.1424959056879452,0.6482640580669454,0.8514523348732224,0.9791226409333302,0.05268952046983276,0.8163614192067803,0.9621380761474746,0.09893929969730125,0.10753080484193621,0.13530329204216343,0.8517882914435612,0.9844917550825981,0.08545153659098491,0.8760466893069674,0.9210753566549124,0.09355652117608905,0.8300099594607427,0.22386822805322507,0.9612706930670338,0.7111082473324785,0.10060194919473041,0.167906074695747,0.24691435920141527,0.16505580112772314,0.8851106584416766,0.8782926975970581,0.9930356448991668,0.08423040347094203,0.12442333470361613,0.37608665511795775,0.2739021794866974,0.7009236497174334,0.24593502019422625,0.7528948111485536,0.15629022077321283,0.03433894561533523,0.9603450763984508,0.9978945639994254,0.43646087255370786,0.24985706140294064,0.5001726840882691,0.22418559509310798,0.9983904077034584,0.9481435290166562,0.8492976229205704,0.38995113933566156,0.9240794051351202,0.3067113475401775,0.22986895809036764,0.7832195454769166,0.9605405228923323,0.4214701783936209,0.8748906725215336,0.9845654245519933,0.7002822442685798,0.9571666053540326,0.9936849440693786,0.18377933716469452,0.9596608558919152,0.8535484727041112,0.34305674622158433,0.8459686554009761,0.26439661097054257,0.10688007355834947,0.9453208608353427,0.9941816966466449,0.6982276047028543,0.943425899498615,0.49213328006044554,0.9494128539152048,0.24210555092345246,0.9650766387244032,0.9688902424042971,0.9254982347541323,0.9039974340887997,0.07083313096947258,0.0
